id_bac;flux;volume_l;adresse;commune;date_pose;X_L93;Y_L93
BAC000001;VERRE;240;21 rue Pasteur;Rezé;2021-08-14;354693,46;6690916,36
BAC000002;OM;240;4 rue des Lilas;Saint-Herblain;2016-08-14;357121,71;6692644,17
BAC000003;CS;660;39 impasse des Tilleuls;Saint-Herblain;2015-06-15;354316,39;6688874,93
BAC000004;CS;340;84 place de la Mairie;Saint-Herblain;2024-04-18;355067,41;6689976,86
BAC000005;CS;120;63 chemin des Vignes;Saint-Herblain;2024-06-18;353928,09;6691912,55
BAC000006;BIODECHETS;120;66 rue des Lilas;Saint-Herblain;2021-03-17;354206,08;6688211,57
BAC000007;OM;340;41 boulevard Victor Hugo;Orvault;2023-03-17;354901,04;6693208,46
BAC000008;OM;120;85 rue de la Gare;Rezé;2017-04-10;354743,26;6690940,81
BAC000009;CS;240;41 rue Émile Zola;Rezé;2019-06-14;355307,78;6686415,51
BAC000010;OM;120;70 boulevard Victor Hugo;Rezé;2018-07-18;355937,86;6688688,59
BAC000011;OM;180;66 place de la Mairie;Rezé;2023-08-16;355130,38;6691130,94
BAC000012;CS;240;54 rue Émile Zola;Orvault;2018-09-15;355591,73;6687750,71
BAC000013;OM;180;17 rue de la Paix;Rezé;2019-06-16;357239,51;6692514,80
BAC000014;OM;240;33 rue Pasteur;Orvault;2021-04-11;355872,66;6691434,57
BAC000015;OM;660;52 rue Pasteur;Saint-Herblain;2023-01-13;356147,35;6692494,05
BAC000016;OM;120;12 rue de la Paix;Rezé;2021-07-15;355314,19;6690024,17
BAC000017;CS;660;113 rue de la Gare;Orvault;2023-03-14;355658,34;6686260,78
BAC000018;BIODECHETS;120;106 rue des Lilas;Nantes;2019-04-14;355776,03;6686899,37
BAC000019;VERRE;240;23 rue Émile Zola;Nantes;2020-05-10;355726,20;6686770,72
BAC000020;OM;180;100 rue Émile Zola;Orvault;2015-01-12;353352,34;6689188,35
BAC000021;OM;180;87 rue Pasteur;Rezé;2020-01-17;354298,90;6685993,35
BAC000022;CS;120;89 chemin des Vignes;Rezé;2017-08-14;356046,33;6688266,12
BAC000023;CS;120;93 boulevard Victor Hugo;Saint-Herblain;2021-06-14;356407,72;6692038,61
BAC000024;VERRE;120;104 impasse des Tilleuls;Saint-Herblain;2021-05-11;355784,00;6691966,77
BAC000025;BIODECHETS;240;42 boulevard Victor Hugo;Orvault;2022-05-14;356617,69;6692052,63
BAC000026;BIODECHETS;240;79 chemin des Vignes;Saint-Herblain;2020-05-14;356664,96;6691936,65
BAC000027;OM;340;109 impasse des Tilleuls;Saint-Herblain;2020-05-13;354780,20;6693934,86
BAC000028;CS;240;82 rue Pasteur;Orvault;2023-06-18;357892,96;6689620,24
BAC000029;CS;660;40 rue Émile Zola;Rezé;2024-06-12;353309,53;6689629,14
BAC000030;VERRE;120;83 rue Émile Zola;Rezé;2020-09-14;354871,81;6692415,81
BAC000031;VERRE;120;72 rue Émile Zola;Rezé;2020-02-18;355709,98;6689878,82
BAC000032;BIODECHETS;120;5 rue Pasteur;Saint-Herblain;2022-06-10;356449,45;6689772,36
BAC000033;OM;240;50 allée des Chênes;Saint-Herblain;2016-07-16;355779,53;6692188,69
BAC000034;BIODECHETS;240;111 boulevard Victor Hugo;Saint-Herblain;2018-09-14;353407,61;6688590,35
BAC000035;OM;180;35 place de la Mairie;Orvault;2018-05-13;355648,50;6688257,17
BAC000036;CS;340;80 allée des Chênes;Rezé;2016-01-16;355304,08;6686132,21
BAC000037;OM;180;75 rue du Moulin;Rezé;2021-05-17;356303,69;6692220,57
BAC000038;BIODECHETS;120;46 avenue Jean Jaurès;Nantes;2020-02-10;355062,84;6691097,78
BAC000039;OM;180;111 rue du Moulin;Orvault;2020-04-12;356775,00;6689684,45
BAC000040;OM;660;27 impasse des Tilleuls;Saint-Herblain;2016-01-11;354530,05;6693523,64
BAC000041;CS;240;14 rue Émile Zola;Rezé;2016-09-10;354335,06;6693203,16
BAC000042;OM;180;7 rue du Moulin;Rezé;2019-01-18;357502,59;6692225,89
BAC000043;CS;660;26 rue de la Paix;Nantes;2024-09-12;354400,62;6685708,38
BAC000044;OM;240;45 rue de la Paix;Rezé;2024-09-15;355660,27;6691151,64
BAC000045;OM;340;66 allée des Chênes;Orvault;2020-01-17;354436,06;6688584,92
BAC000046;CS;340;52 rue du Moulin;Rezé;2019-07-10;354355,69;6685834,24
BAC000047;OM;660;111 impasse des Tilleuls;Nantes;2024-01-14;356495,49;6692352,44
BAC000048;CS;240;33 rue du Moulin;Rezé;2017-01-16;354415,82;6692301,51
BAC000049;OM;340;105 rue de la Gare;Orvault;2019-04-15;355813,00;6686994,86
BAC000050;BIODECHETS;240;109 allée des Chênes;Orvault;2018-08-12;355522,61;6690485,76
BAC000051;VERRE;240;98 rue des Lilas;Nantes;2018-03-10;355616,38;6685977,09
BAC000052;CS;340;110 rue du Moulin;Nantes;2023-01-17;355448,80;6690537,91
BAC000053;OM;180;116 place de la Mairie;Orvault;2020-02-10;354706,16;6688375,97
BAC000054;CS;240;91 boulevard Victor Hugo;Orvault;2019-06-13;354942,67;6687456,31
BAC000055;BIODECHETS;120;64 chemin des Vignes;Rezé;2015-05-10;355901,92;6691259,01
BAC000056;VERRE;240;10 rue des Lilas;Saint-Herblain;2023-05-11;355658,62;6691122,91
BAC000057;OM;120;61 allée des Chênes;Rezé;2024-09-16;355788,63;6691899,55
BAC000058;VERRE;240;73 rue Émile Zola;Rezé;2020-01-13;355945,69;6690095,97
BAC000059;BIODECHETS;120;40 rue Émile Zola;Orvault;2017-03-11;356774,19;6687800,89
BAC000060;BIODECHETS;120;68 chemin des Vignes;Rezé;2024-09-16;354344,20;6691867,88
BAC000061;CS;660;25 rue de la Paix;Saint-Herblain;2016-03-18;357418,42;6689335,89
BAC000062;CS;120;108 rue Pasteur;Orvault;2016-02-14;353444,86;6689615,46
BAC000063;VERRE;120;3 rue des Lilas;Saint-Herblain;2019-09-17;355910,62;6689849,93
BAC000064;CS;340;31 impasse des Tilleuls;Saint-Herblain;2018-05-11;354565,00;6690853,28
BAC000065;CS;120;68 avenue Jean Jaurès;Saint-Herblain;2023-03-15;355496,71;6690044,92
BAC000066;VERRE;240;78 boulevard Victor Hugo;Saint-Herblain;2016-09-16;354619,30;6692463,82
BAC000067;CS;660;29 avenue Jean Jaurès;Saint-Herblain;2019-03-17;354140,82;6692883,92
BAC000068;OM;120;13 impasse des Tilleuls;Saint-Herblain;2022-05-15;354723,22;6693841,21
BAC000069;OM;240;55 avenue Jean Jaurès;Orvault;2024-05-14;355177,97;6689187,78
BAC000070;OM;180;49 chemin des Vignes;Saint-Herblain;2016-04-18;354630,94;6693689,49
BAC000071;CS;120;110 place de la Mairie;Orvault;2019-03-16;355529,79;6686993,92
BAC000072;OM;240;117 chemin des Vignes;Rezé;2015-02-10;357054,25;6689310,09
BAC000073;VERRE;120;62 place de la Mairie;Nantes;2020-02-14;354167,40;6688236,57
BAC000074;CS;120;120 place de la Mairie;Orvault;2018-05-14;354731,92;6690726,02
BAC000075;CS;340;113 rue du Moulin;Orvault;2020-04-10;354086,42;6692038,81
BAC000076;BIODECHETS;240;6 rue du Moulin;Nantes;2020-03-10;354260,77;6693081,06
BAC000077;OM;120;24 boulevard Victor Hugo;Nantes;2017-03-16;354967,03;6690882,19
BAC000078;OM;120;120 rue de la Gare;Rezé;2022-02-12;356660,20;6691948,36
BAC000079;CS;120;39 impasse des Tilleuls;Orvault;2015-08-15;355013,11;6691073,35
BAC000080;OM;660;103 boulevard Victor Hugo;Saint-Herblain;2024-04-11;355782,28;6692101,21
BAC000081;BIODECHETS;240;111 boulevard Victor Hugo;Nantes;2024-07-12;355968,21;6690198,82
BAC000082;CS;340;17 allée des Chênes;Rezé;2021-02-10;354560,12;6693573,08
BAC000083;VERRE;120;31 rue des Lilas;Orvault;2020-09-16;353680,87;6691715,42
BAC000084;OM;120;67 rue de la Gare;Rezé;2022-01-17;356881,46;6689678,32
BAC000085;OM;340;88 allée des Chênes;Saint-Herblain;2023-05-17;356040,01;6690216,52
BAC000086;CS;120;34 rue Pasteur;Saint-Herblain;2016-02-17;355192,92;6688566,31
BAC000087;VERRE;120;96 rue de la Paix;Rezé;2018-06-12;356366,62;6692110,48
BAC000088;OM;660;109 rue de la Paix;Rezé;2024-04-14;354296,55;6692206,38
BAC000089;OM;340;75 place de la Mairie;Rezé;2017-04-12;357058,67;6687925,73
BAC000090;CS;340;56 rue du Moulin;Rezé;2023-02-13;356283,20;6692873,39
BAC000091;OM;660;5 rue Émile Zola;Orvault;2021-01-18;354681,69;6692513,59
BAC000092;BIODECHETS;240;46 rue Émile Zola;Nantes;2021-02-17;357230,89;6693194,18
BAC000093;CS;340;76 rue Pasteur;Orvault;2015-02-11;355507,32;6690046,12
BAC000094;OM;660;114 rue Émile Zola;Saint-Herblain;2019-03-14;355575,57;6687732,38
BAC000095;BIODECHETS;120;29 rue Pasteur;Saint-Herblain;2021-02-11;355313,02;6686815,83
BAC000096;OM;180;36 rue Pasteur;Orvault;2017-03-13;354129,62;6686467,65
BAC000097;VERRE;240;76 impasse des Tilleuls;Nantes;2015-06-15;357399,01;6688075,13
BAC000098;CS;120;83 impasse des Tilleuls;Saint-Herblain;2023-06-11;355658,02;6691341,27
BAC000099;OM;340;38 avenue Jean Jaurès;Nantes;2016-03-11;356174,29;6690155,49
BAC000100;OM;180;49 rue de la Gare;Nantes;2015-06-11;354330,69;6685904,26
BAC000101;OM;660;97 rue du Moulin;Orvault;2020-03-12;355641,29;6688708,12
BAC000102;CS;660;47 boulevard Victor Hugo;Nantes;2015-04-12;356192,08;6692415,80
BAC000103;OM;660;2 rue de la Gare;Saint-Herblain;2024-03-11;354202,49;6688213,28
BAC000104;CS;240;10 rue de la Gare;Nantes;2015-03-16;354355,27;6690750,29
BAC000105;CS;120;107 rue Pasteur;Orvault;2018-06-14;355899,64;6691272,65
BAC000106;CS;660;88 rue Émile Zola;Saint-Herblain;2017-06-14;355546,06;6685501,69
BAC000107;CS;660;58 rue des Lilas;Saint-Herblain;2015-05-12;355769,24;6686881,85
BAC000108;OM;240;19 avenue Jean Jaurès;Orvault;2016-02-10;355778,25;6692229,35
BAC000109;OM;660;28 rue Émile Zola;Nantes;2017-01-14;355638,21;6690769,45
BAC000110;BIODECHETS;120;83 chemin des Vignes;Orvault;2024-06-11;355536,22;6690428,80
BAC000111;OM;180;104 impasse des Tilleuls;Orvault;2022-09-14;354845,16;6693081,21
BAC000112;OM;660;105 rue Pasteur;Nantes;2019-06-14;355576,77;6685709,37
BAC000113;VERRE;120;100 rue des Lilas;Orvault;2018-07-18;356948,89;6687877,56
BAC000114;CS;240;84 chemin des Vignes;Saint-Herblain;2018-09-12;355513,26;6688055,53
BAC000115;BIODECHETS;240;81 avenue Jean Jaurès;Orvault;2023-04-10;354046,36;6688287,33
BAC000116;VERRE;240;79 rue de la Gare;Rezé;2017-03-11;357573,78;6689346,91
BAC000117;OM;340;11 place de la Mairie;Nantes;2020-01-10;353307,22;6689203,03
BAC000118;OM;660;82 rue Émile Zola;Orvault;2024-01-10;354876,89;6688243,92
BAC000119;CS;660;15 rue du Moulin;Rezé;2022-05-16;356260,77;6692928,45
BAC000120;CS;120;118 rue Pasteur;Orvault;2017-01-17;356014,70;6687515,76
BAC000121;CS;120;16 boulevard Victor Hugo;Rezé;2016-04-16;356675,14;6690016,25
BAC000122;CS;240;99 allée des Chênes;Nantes;2015-03-17;355531,45;6690007,12
BAC000123;OM;180;104 chemin des Vignes;Saint-Herblain;2020-09-13;357753,90;6688319,61
BAC000124;CS;120;28 chemin des Vignes;Rezé;2022-02-13;355759,78;6688151,41
BAC000125;CS;120;110 rue Pasteur;Saint-Herblain;2022-03-13;355027,15;6688828,72
BAC000126;OM;180;8 rue de la Gare;Saint-Herblain;2022-05-14;355685,13;6686441,92
BAC000127;OM;240;100 rue Pasteur;Nantes;2016-08-15;355595,81;6689370,84
BAC000128;CS;660;40 rue du Moulin;Orvault;2015-09-12;354979,20;6689955,14
BAC000129;VERRE;240;109 rue Émile Zola;Nantes;2017-03-17;358054,74;6688407,70
BAC000130;OM;340;74 rue Émile Zola;Orvault;2022-01-17;356366,22;6692669,67
BAC000131;CS;240;105 rue du Moulin;Rezé;2020-03-17;355668,09;6690296,27
BAC000132;OM;120;28 rue de la Gare;Nantes;2023-05-16;357748,96;6692448,79
BAC000133;OM;340;50 rue du Moulin;Nantes;2015-02-15;354166,09;6686365,46
BAC000134;OM;240;11 impasse des Tilleuls;Saint-Herblain;2021-02-17;355469,62;6687990,48
BAC000135;OM;340;99 boulevard Victor Hugo;Rezé;2023-02-18;354047,92;6688962,20
BAC000136;OM;180;101 chemin des Vignes;Nantes;2020-02-15;355641,13;6691330,05
BAC000137;OM;660;30 place de la Mairie;Saint-Herblain;2021-01-10;357939,46;6688373,94
BAC000138;CS;660;114 place de la Mairie;Rezé;2017-07-14;355311,79;6689027,26
BAC000139;OM;120;26 rue de la Paix;Orvault;2017-03-14;355540,74;6687039,45
BAC000140;CS;120;106 rue des Lilas;Orvault;2024-05-14;354886,49;6688236,50
BAC000141;CS;340;73 rue Pasteur;Saint-Herblain;2018-03-10;356220,44;6690261,00
BAC000142;OM;340;29 place de la Mairie;Nantes;2019-06-17;354455,38;6685554,97
BAC000143;OM;180;42 impasse des Tilleuls;Nantes;2015-07-12;355963,32;6690197,62
BAC000144;OM;660;29 impasse des Tilleuls;Nantes;2021-09-14;354930,32;6690324,54
BAC000145;BIODECHETS;120;74 avenue Jean Jaurès;Rezé;2018-01-14;355158,06;6688026,47
BAC000146;CS;240;97 rue de la Gare;Rezé;2022-07-15;354599,86;6693638,39
BAC000147;OM;180;23 impasse des Tilleuls;Rezé;2016-02-18;354368,51;6693258,12
BAC000148;OM;240;39 rue des Lilas;Rezé;2019-08-18;355776,01;6692300,55
BAC000149;OM;660;22 allée des Chênes;Rezé;2019-04-14;357052,95;6692719,70
BAC000150;OM;120;6 rue de la Gare;Nantes;2024-02-15;357517,86;6692209,12
BAC000151;OM;660;85 rue de la Paix;Rezé;2021-09-17;355643,38;6690303,14
BAC000152;BIODECHETS;240;47 rue du Moulin;Rezé;2016-06-15;355899,45;6690181,87
BAC000153;OM;180;52 chemin des Vignes;Rezé;2020-03-13;355845,05;6690084,53
BAC000154;OM;660;70 place de la Mairie;Nantes;2019-05-16;354345,48;6690745,49
BAC000155;VERRE;120;37 boulevard Victor Hugo;Saint-Herblain;2015-09-12;354399,33;6691925,13
BAC000156;OM;120;59 rue des Lilas;Orvault;2024-06-14;354897,21;6692442,19
BAC000157;OM;660;104 rue de la Paix;Orvault;2024-01-15;355298,18;6685680,31
BAC000158;OM;180;41 chemin des Vignes;Rezé;2022-03-13;355665,37;6691239,94
BAC000159;CS;240;101 chemin des Vignes;Saint-Herblain;2020-03-11;354696,60;6693797,42
BAC000160;VERRE;120;10 rue Émile Zola;Saint-Herblain;2019-07-17;356139,36;6688371,61
BAC000161;OM;180;53 place de la Mairie;Orvault;2019-01-16;355806,57;6686978,24
BAC000162;CS;660;34 rue de la Paix;Saint-Herblain;2016-04-14;354623,76;6692467,38
BAC000163;CS;660;100 allée des Chênes;Orvault;2018-01-17;354024,88;6688297,51
BAC000164;OM;660;89 rue de la Gare;Orvault;2019-01-14;355713,66;6690350,76
BAC000165;CS;240;27 place de la Mairie;Saint-Herblain;2020-09-12;355506,96;6689339,45
BAC000166;VERRE;240;78 allée des Chênes;Rezé;2018-09-11;354217,58;6691736,41
BAC000167;OM;660;23 boulevard Victor Hugo;Rezé;2024-09-15;355666,46;6691100,94
BAC000168;CS;340;48 rue Pasteur;Saint-Herblain;2020-06-10;355004,80;6691069,27
BAC000169;CS;660;113 rue du Moulin;Nantes;2023-06-12;355888,93;6688335,12
BAC000170;OM;660;23 impasse des Tilleuls;Saint-Herblain;2022-08-17;355625,96;6690557,20
BAC000171;OM;240;98 place de la Mairie;Rezé;2022-04-13;355656,28;6691082,49
BAC000172;BIODECHETS;120;29 avenue Jean Jaurès;Orvault;2021-01-11;355787,19;6691945,52
BAC000173;OM;240;108 chemin des Vignes;Saint-Herblain;2015-08-14;354509,23;6690825,89
BAC000174;BIODECHETS;120;58 boulevard Victor Hugo;Orvault;2019-02-14;355589,20;6688694,55
BAC000175;BIODECHETS;240;18 rue du Moulin;Orvault;2021-05-10;355757,02;6691568,42
BAC000176;OM;120;6 allée des Chênes;Nantes;2022-02-16;355701,34;6686706,53
BAC000177;OM;180;5 avenue Jean Jaurès;Orvault;2015-02-11;355524,61;6689256,50
BAC000178;CS;660;34 rue Émile Zola;Orvault;2022-09-10;356273,34;6690127,95
BAC000179;OM;180;41 rue de la Gare;Orvault;2016-05-16;354728,92;6690933,77
BAC000180;BIODECHETS;240;108 rue de la Gare;Rezé;2020-09-11;355616,61;6690843,66
BAC000181;OM;180;111 avenue Jean Jaurès;Rezé;2021-05-15;357456,15;6689338,56
BAC000182;OM;660;41 boulevard Victor Hugo;Rezé;2024-03-14;353978,55;6688984,75
BAC000183;CS;240;43 rue des Lilas;Nantes;2017-03-16;358421,77;6688515,17
BAC000184;CS;660;28 rue du Moulin;Rezé;2015-06-16;355586,07;6687944,16
BAC000185;VERRE;240;114 chemin des Vignes;Saint-Herblain;2017-05-11;355192,30;6688567,30
BAC000186;VERRE;240;35 avenue Jean Jaurès;Orvault;2021-09-18;353163,96;6688705,96
BAC000187;OM;660;23 chemin des Vignes;Rezé;2024-05-10;357689,24;6692020,94
BAC000188;VERRE;120;49 avenue Jean Jaurès;Rezé;2021-04-14;354690,16;6690451,38
BAC000189;CS;240;119 impasse des Tilleuls;Orvault;2015-09-11;356491,82;6689270,30
BAC000190;CS;660;85 impasse des Tilleuls;Orvault;2023-04-15;357490,60;6692239,06
BAC000191;OM;340;112 rue Pasteur;Rezé;2019-09-12;355609,50;6687325,36
BAC000192;OM;340;28 rue Pasteur;Orvault;2024-08-18;357359,00;6693009,84
BAC000193;CS;120;104 boulevard Victor Hugo;Orvault;2017-09-12;354196,66;6688207,13
BAC000194;OM;340;118 rue des Lilas;Nantes;2019-03-18;357034,01;6693477,51
BAC000195;CS;120;58 impasse des Tilleuls;Orvault;2021-06-18;357524,37;6692771,90
BAC000196;CS;660;48 boulevard Victor Hugo;Orvault;2019-01-16;357059,50;6692712,50
BAC000197;OM;120;20 allée des Chênes;Rezé;2016-05-14;354006,14;6688975,78
BAC000198;CS;240;96 impasse des Tilleuls;Saint-Herblain;2016-08-17;355020,68;6693480,94
BAC000199;OM;120;119 rue Émile Zola;Saint-Herblain;2018-06-10;355710,91;6688350,21
BAC000200;OM;240;88 rue Pasteur;Nantes;2019-04-14;357070,35;6689311,24
BAC000201;OM;180;12 rue des Lilas;Orvault;2022-02-12;354803,41;6690391,56
BAC000202;VERRE;240;54 rue du Moulin;Nantes;2018-01-14;356480,07;6692390,30
BAC000203;CS;340;32 rue de la Paix;Saint-Herblain;2024-02-10;355847,64;6691584,74
BAC000204;CS;240;92 rue des Lilas;Orvault;2019-05-15;354915,08;6687484,08
BAC000205;VERRE;240;67 boulevard Victor Hugo;Orvault;2024-05-17;355310,73;6686640,37
BAC000206;OM;240;62 allée des Chênes;Rezé;2016-03-10;355561,05;6690556,94
BAC000207;OM;660;96 rue Pasteur;Orvault;2015-03-11;354891,68;6693187,14
BAC000208;VERRE;120;54 chemin des Vignes;Saint-Herblain;2021-01-16;355793,13;6689866,84
BAC000209;OM;660;83 place de la Mairie;Orvault;2023-09-10;356470,56;6692413,63
BAC000210;CS;340;61 avenue Jean Jaurès;Nantes;2017-07-11;355783,63;6692058,29
BAC000211;CS;240;83 rue du Moulin;Orvault;2016-02-13;355690,48;6691224,94
BAC000212;CS;240;11 rue de la Paix;Rezé;2023-03-10;354663,07;6693742,31
BAC000213;BIODECHETS;240;64 place de la Mairie;Orvault;2020-01-13;355033,47;6689992,28
BAC000214;OM;660;15 rue de la Gare;Orvault;2024-01-18;355651,54;6691023,91
BAC000215;CS;120;33 impasse des Tilleuls;Saint-Herblain;2019-09-10;355736,03;6689473,03
BAC000216;BIODECHETS;240;28 allée des Chênes;Nantes;2024-04-17;355766,53;6692601,49
BAC000217;OM;660;23 rue Émile Zola;Orvault;2021-03-14;355919,99;6688661,95
BAC000218;BIODECHETS;240;104 chemin des Vignes;Nantes;2015-01-11;355453,05;6690071,86
BAC000219;VERRE;240;32 rue Émile Zola;Saint-Herblain;2016-08-13;356035,06;6690194,21
BAC000220;BIODECHETS;120;24 boulevard Victor Hugo;Orvault;2016-05-11;355601,04;6690125,67
BAC000221;BIODECHETS;120;39 avenue Jean Jaurès;Orvault;2023-07-14;355302,74;6686029,39
BAC000222;CS;660;44 allée des Chênes;Saint-Herblain;2018-06-12;355605,38;6687766,18
BAC000223;OM;240;18 impasse des Tilleuls;Rezé;2022-09-10;355916,45;6687262,01
BAC000224;BIODECHETS;120;114 rue de la Gare;Saint-Herblain;2021-03-12;354885,85;6690828,26
BAC000225;BIODECHETS;120;31 rue de la Gare;Rezé;2018-04-11;355678,77;6688532,03
BAC000226;OM;660;41 rue du Moulin;Rezé;2015-08-15;354861,25;6687538,25
BAC000227;CS;240;34 rue de la Gare;Saint-Herblain;2016-05-13;354920,33;6693252,42
BAC000228;CS;240;50 rue de la Gare;Rezé;2015-07-15;352445,86;6689716,51
BAC000229;OM;660;22 avenue Jean Jaurès;Rezé;2023-05-15;356072,15;6690097,48
BAC000230;OM;660;1 boulevard Victor Hugo;Rezé;2024-01-17;355655,86;6691075,14
BAC000231;OM;120;10 chemin des Vignes;Saint-Herblain;2022-07-15;355518,49;6690488,67
BAC000232;OM;340;31 chemin des Vignes;Nantes;2019-05-14;354909,82;6690844,19
BAC000233;BIODECHETS;120;18 rue Émile Zola;Nantes;2015-07-17;354863,29;6693122,49
BAC000234;OM;660;110 rue Émile Zola;Orvault;2018-02-13;355546,96;6687065,31
BAC000235;OM;240;35 impasse des Tilleuls;Rezé;2019-06-16;354805,78;6692991,52
BAC000236;VERRE;120;32 rue Émile Zola;Saint-Herblain;2022-01-11;357576,33;6689638,40
BAC000237;OM;120;94 rue Émile Zola;Saint-Herblain;2016-02-17;355491,88;6689295,12
BAC000238;OM;180;4 impasse des Tilleuls;Saint-Herblain;2023-07-14;354355,18;6685835,67
BAC000239;OM;340;6 rue Pasteur;Saint-Herblain;2017-06-17;355469,35;6688128,86
BAC000240;CS;660;75 rue Émile Zola;Orvault;2021-07-10;354441,26;6693377,70
BAC000241;CS;120;79 impasse des Tilleuls;Saint-Herblain;2019-01-10;355644,07;6686558,66
BAC000242;OM;240;42 rue des Lilas;Nantes;2016-03-18;355575,34;6685699,70
BAC000243;CS;340;25 rue du Moulin;Orvault;2018-03-15;355869,49;6691453,63
BAC000244;BIODECHETS;120;15 avenue Jean Jaurès;Nantes;2021-07-10;355278,16;6691088,89
BAC000245;VERRE;240;46 rue de la Gare;Rezé;2022-06-17;354658,94;6687741,85
BAC000246;CS;240;6 boulevard Victor Hugo;Orvault;2019-02-16;354182,10;6686320,60
BAC000247;BIODECHETS;120;96 rue Émile Zola;Saint-Herblain;2019-03-18;355705,84;6686581,95
BAC000248;OM;180;83 place de la Mairie;Saint-Herblain;2018-02-11;357058,15;6689668,16
BAC000249;OM;340;92 rue de la Gare;Orvault;2019-07-14;357054,05;6689310,08
BAC000250;CS;240;28 impasse des Tilleuls;Nantes;2016-04-17;355085,74;6688082,40
BAC000251;OM;180;54 rue Pasteur;Saint-Herblain;2023-09-14;354653,00;6688417,10
BAC000252;VERRE;120;47 rue de la Gare;Rezé;2024-05-14;355753,88;6687934,52
BAC000253;VERRE;120;115 place de la Mairie;Saint-Herblain;2024-05-10;355300,15;6685830,71
BAC000254;OM;340;107 allée des Chênes;Orvault;2022-08-18;355850,75;6688558,71
BAC000255;OM;660;28 rue de la Paix;Nantes;2024-02-15;355574,57;6685694,46
BAC000256;BIODECHETS;240;120 chemin des Vignes;Nantes;2015-07-12;356981,44;6692798,25
BAC000257;CS;120;119 place de la Mairie;Saint-Herblain;2017-01-12;355951,47;6690096,62
BAC000258;OM;340;114 rue de la Paix;Nantes;2022-06-11;354324,08;6685922,82
BAC000259;VERRE;120;101 avenue Jean Jaurès;Rezé;2022-02-11;354709,45;6689955,49
BAC000260;OM;120;29 rue de la Paix;Orvault;2022-06-18;355584,76;6690679,27
BAC000261;CS;120;10 boulevard Victor Hugo;Saint-Herblain;2017-03-17;354730,37;6687669,96
BAC000262;OM;240;35 place de la Mairie;Rezé;2023-04-14;356247,48;6692318,89
BAC000263;OM;660;93 allée des Chênes;Saint-Herblain;2023-03-10;354206,02;6692991,07
BAC000264;OM;340;97 rue de la Gare;Orvault;2024-05-13;356660,73;6691947,04
BAC000265;CS;340;68 rue Émile Zola;Saint-Herblain;2017-01-18;355754,35;6691554,58
BAC000266;CS;120;6 rue des Lilas;Nantes;2018-04-13;355351,41;6688315,50
BAC000267;CS;660;103 rue des Lilas;Saint-Herblain;2020-02-14;356183,27;6692431,20
BAC000268;OM;180;67 allée des Chênes;Saint-Herblain;2022-04-11;354983,23;6689986,57
BAC000269;OM;240;36 chemin des Vignes;Saint-Herblain;2024-02-18;357179,46;6689661,19
BAC000270;BIODECHETS;240;86 rue Émile Zola;Rezé;2016-07-15;355611,37;6687333,14
BAC000271;CS;240;83 rue du Moulin;Nantes;2019-01-15;355777,25;6691672,84
BAC000272;OM;180;2 rue du Moulin;Rezé;2022-04-11;355723,43;6692330,37
BAC000273;BIODECHETS;240;2 allée des Chênes;Saint-Herblain;2019-05-14;355707,82;6686723,25
BAC000274;CS;240;93 rue de la Gare;Saint-Herblain;2022-01-13;355184,54;6691157,55
BAC000275;CS;120;80 rue Pasteur;Orvault;2018-04-10;355473,07;6687995,61
BAC000276;BIODECHETS;120;116 chemin des Vignes;Saint-Herblain;2020-04-15;357379,76;6689333,16
BAC000277;BIODECHETS;240;49 rue Pasteur;Saint-Herblain;2023-01-14;354563,99;6690852,78
BAC000278;CS;660;10 rue Pasteur;Saint-Herblain;2024-07-16;354931,27;6688886,65
BAC000279;CS;660;101 allée des Chênes;Nantes;2023-02-18;356542,90;6690053,01
BAC000280;OM;120;37 rue des Lilas;Rezé;2017-07-11;355853,63;6691548,80
BAC000281;CS;340;66 impasse des Tilleuls;Orvault;2019-09-10;355053,31;6688787,31
BAC000282;OM;180;84 rue des Lilas;Saint-Herblain;2015-01-15;356076,74;6687676,00
BAC000283;OM;340;92 rue du Moulin;Orvault;2016-05-10;355731,20;6691435,12
BAC000284;OM;180;87 chemin des Vignes;Nantes;2023-07-12;355641,96;6690834,50
BAC000285;CS;120;114 rue du Moulin;Orvault;2018-06-15;354189,98;6686298,52
BAC000286;BIODECHETS;120;2 place de la Mairie;Saint-Herblain;2018-02-17;355176,16;6690008,50
BAC000287;VERRE;240;80 chemin des Vignes;Saint-Herblain;2016-03-14;355235,20;6690688,88
BAC000288;BIODECHETS;120;23 avenue Jean Jaurès;Nantes;2017-02-14;353781,14;6691795,37
BAC000289;BIODECHETS;120;66 rue Émile Zola;Rezé;2021-03-15;355579,73;6685729,34
BAC000290;VERRE;240;103 chemin des Vignes;Nantes;2018-06-14;355411,59;6689921,80
BAC000291;OM;340;106 rue de la Paix;Orvault;2024-04-15;355303,29;6686071,41
BAC000292;OM;180;47 allée des Chênes;Saint-Herblain;2023-05-14;354087,36;6686586,09
BAC000293;OM;120;94 chemin des Vignes;Saint-Herblain;2018-07-17;355562,70;6690565,44
BAC000294;BIODECHETS;240;43 avenue Jean Jaurès;Orvault;2019-06-10;357674,94;6688196,27
BAC000295;OM;180;9 boulevard Victor Hugo;Nantes;2020-08-10;355705,35;6691301,65
BAC000296;OM;120;10 rue du Moulin;Orvault;2019-03-17;356724,00;6690002,66
BAC000297;CS;120;47 impasse des Tilleuls;Saint-Herblain;2018-08-18;356447,51;6689772,65
BAC000298;CS;120;31 rue Pasteur;Rezé;2023-01-12;355307,31;6686379,25
BAC000299;VERRE;120;113 avenue Jean Jaurès;Nantes;2016-03-14;354687,23;6687713,38
BAC000300;CS;660;29 place de la Mairie;Orvault;2020-08-10;356836,08;6689294,66
BAC000301;OM;660;91 rue des Lilas;Rezé;2015-05-15;355629,07;6690611,20
BAC000302;OM;120;14 rue de la Gare;Orvault;2023-03-16;355660,72;6686276,86
BAC000303;CS;120;14 boulevard Victor Hugo;Nantes;2021-07-18;356341,65;6692154,17
BAC000304;OM;180;21 boulevard Victor Hugo;Orvault;2020-03-11;355306,62;6686326,19
BAC000305;VERRE;240;13 impasse des Tilleuls;Saint-Herblain;2021-01-15;357688,46;6688300,46
BAC000306;OM;340;16 allée des Chênes;Saint-Herblain;2024-09-14;357450,05;6688097,54
BAC000307;CS;240;117 avenue Jean Jaurès;Nantes;2016-01-10;354847,89;6688266,36
BAC000308;CS;340;64 rue du Moulin;Saint-Herblain;2023-05-10;354086,51;6686588,48
BAC000309;OM;240;114 boulevard Victor Hugo;Orvault;2021-02-16;357228,59;6692526,80
BAC000310;OM;240;51 allée des Chênes;Saint-Herblain;2020-04-17;356073,37;6689826,49
BAC000311;CS;660;101 impasse des Tilleuls;Nantes;2018-05-16;355298,18;6685680,06
BAC000312;OM;340;74 rue de la Paix;Rezé;2017-01-13;358060,82;6688409,47
BAC000313;BIODECHETS;120;30 rue Pasteur;Rezé;2023-08-12;355145,56;6691000,79
BAC000314;BIODECHETS;120;41 rue de la Gare;Saint-Herblain;2020-01-18;355240,51;6688491,00
BAC000315;CS;660;64 rue du Moulin;Rezé;2018-01-15;355846,45;6691591,92
BAC000316;OM;120;86 allée des Chênes;Orvault;2019-04-11;355366,76;6691147,75
BAC000317;CS;240;5 chemin des Vignes;Rezé;2018-06-16;355009,73;6693456,03
BAC000318;CS;240;92 chemin des Vignes;Rezé;2023-06-15;355797,65;6688479,54
BAC000319;VERRE;120;58 rue Pasteur;Rezé;2017-03-11;356042,07;6687586,46
BAC000320;CS;340;67 rue du Moulin;Nantes;2016-03-12;357167,51;6693285,39
BAC000321;BIODECHETS;240;18 rue des Lilas;Orvault;2020-06-16;357680,71;6688298,19
BAC000322;OM;120;34 rue de la Paix;Orvault;2022-05-16;355577,70;6688151,60
BAC000323;CS;120;40 place de la Mairie;Rezé;2016-06-12;355613,17;6685955,43
BAC000324;BIODECHETS;120;81 rue de la Gare;Nantes;2019-08-10;355670,03;6691320,71
BAC000325;OM;240;69 avenue Jean Jaurès;Rezé;2023-08-18;354595,25;6690635,25
BAC000326;OM;180;32 boulevard Victor Hugo;Orvault;2018-01-17;353041,23;6689656,27
BAC000327;BIODECHETS;120;88 chemin des Vignes;Orvault;2021-06-17;355110,32;6688063,39
BAC000328;BIODECHETS;120;48 rue des Lilas;Saint-Herblain;2024-05-12;353359,84;6688613,01
BAC000329;VERRE;120;65 rue Émile Zola;Rezé;2019-06-14;355691,04;6686481,86
BAC000330;CS;340;49 avenue Jean Jaurès;Nantes;2015-02-14;355585,95;6689896,69
BAC000331;OM;120;74 avenue Jean Jaurès;Orvault;2015-09-11;357708,81;6688211,14
BAC000332;CS;340;34 avenue Jean Jaurès;Rezé;2024-09-17;354241,27;6693049,00
BAC000333;CS;660;9 rue du Moulin;Saint-Herblain;2021-05-15;355385,32;6688261,85
BAC000334;OM;120;50 impasse des Tilleuls;Nantes;2022-04-13;355652,84;6691022,89
BAC000335;CS;240;69 chemin des Vignes;Orvault;2024-08-17;354211,48;6693000,04
BAC000336;BIODECHETS;240;59 rue de la Gare;Orvault;2019-09-18;354949,88;6688900,20
BAC000337;VERRE;120;105 rue des Lilas;Nantes;2016-07-13;357791,90;6688247,63
BAC000338;BIODECHETS;240;63 impasse des Tilleuls;Nantes;2019-05-12;357627,99;6692622,82
BAC000339;BIODECHETS;240;66 rue Pasteur;Nantes;2022-06-16;354291,24;6688111,93
BAC000340;VERRE;120;17 rue de la Paix;Saint-Herblain;2017-08-12;355309,07;6686514,14
BAC000341;BIODECHETS;240;37 boulevard Victor Hugo;Saint-Herblain;2024-02-12;355304,25;6686144,86
BAC000342;OM;660;93 boulevard Victor Hugo;Saint-Herblain;2018-07-15;354595,10;6688461,89
BAC000343;CS;240;35 place de la Mairie;Nantes;2021-08-16;356304,08;6690119,40
BAC000344;OM;180;30 rue du Moulin;Saint-Herblain;2021-06-15;357926,86;6688370,25
BAC000345;CS;340;46 rue de la Gare;Rezé;2019-07-12;355301,41;6685927,38
BAC000346;OM;240;77 impasse des Tilleuls;Saint-Herblain;2022-06-17;355688,62;6691215,32
BAC000347;CS;660;51 rue Pasteur;Rezé;2017-09-14;354891,12;6693185,87
BAC000348;OM;120;29 rue des Lilas;Saint-Herblain;2017-03-13;354888,19;6688855,26
BAC000349;BIODECHETS;240;5 rue de la Paix;Saint-Herblain;2019-09-15;355881,25;6688344,33
BAC000350;CS;340;106 avenue Jean Jaurès;Rezé;2016-06-10;356321,23;6692189,88
BAC000351;VERRE;240;102 avenue Jean Jaurès;Nantes;2018-04-15;354297,94;6688880,93
BAC000352;CS;120;87 rue du Moulin;Nantes;2023-01-15;355802,16;6689865,54
BAC000353;CS;240;76 rue Émile Zola;Rezé;2017-05-13;357473,07;6692258,29
BAC000354;OM;120;5 place de la Mairie;Saint-Herblain;2024-09-13;355538,61;6688093,33
BAC000355;OM;180;92 rue de la Gare;Orvault;2019-01-13;354690,81;6690698,71
BAC000356;OM;120;55 rue de la Paix;Saint-Herblain;2017-06-13;356969,18;6689304,07
BAC000357;VERRE;240;54 rue de la Paix;Rezé;2022-04-10;354203,27;6688911,70
BAC000358;OM;340;66 rue Émile Zola;Saint-Herblain;2023-01-15;355795,59;6689866,49
BAC000359;CS;120;2 boulevard Victor Hugo;Orvault;2023-03-13;355670,70;6691332,18
BAC000360;OM;340;9 avenue Jean Jaurès;Rezé;2018-04-14;355774,64;6691659,31
BAC000361;OM;180;43 rue de la Gare;Saint-Herblain;2021-09-15;357150,03;6689662,88
BAC000362;OM;240;22 chemin des Vignes;Orvault;2015-02-14;355644,61;6688692,55
BAC000363;OM;240;11 allée des Chênes;Saint-Herblain;2015-06-11;354518,02;6690830,21
BAC000364;CS;120;23 rue de la Paix;Orvault;2018-07-17;354332,10;6690738,92
BAC000365;OM;660;48 rue Émile Zola;Saint-Herblain;2019-03-15;355834,64;6691662,77
BAC000366;OM;660;15 chemin des Vignes;Rezé;2019-05-12;357574,74;6692699,44
BAC000367;VERRE;240;47 boulevard Victor Hugo;Orvault;2022-05-10;355687,32;6691208,62
BAC000368;OM;340;8 boulevard Victor Hugo;Orvault;2017-02-10;355522,64;6686964,18
BAC000369;CS;120;79 rue de la Gare;Orvault;2022-03-11;354575,74;6690858,55
BAC000370;CS;660;6 rue des Lilas;Rezé;2017-09-13;355600,53;6690116,75
BAC000371;CS;340;1 boulevard Victor Hugo;Rezé;2024-08-17;354940,64;6690864,66
BAC000372;CS;660;90 impasse des Tilleuls;Nantes;2018-03-14;355407,45;6688226,81
BAC000373;BIODECHETS;240;98 rue du Moulin;Nantes;2020-08-15;355536,56;6690049,45
BAC000374;CS;120;82 boulevard Victor Hugo;Rezé;2018-06-12;355831,42;6689848,76
BAC000375;CS;240;88 rue Émile Zola;Orvault;2019-06-17;355884,13;6691365,76
BAC000376;CS;120;2 rue de la Paix;Orvault;2021-06-13;356272,54;6692899,55
BAC000377;BIODECHETS;120;103 boulevard Victor Hugo;Rezé;2022-01-10;355776,02;6692299,93
BAC000378;OM;180;40 impasse des Tilleuls;Rezé;2019-01-10;357533,81;6688134,31
BAC000379;OM;660;76 place de la Mairie;Saint-Herblain;2019-09-15;354953,78;6687445,14
BAC000380;CS;340;60 avenue Jean Jaurès;Rezé;2019-01-17;355727,52;6687816,14
BAC000381;CS;340;49 place de la Mairie;Saint-Herblain;2023-09-17;355869,85;6690240,14
BAC000382;OM;180;79 rue Émile Zola;Rezé;2015-07-10;357751,33;6689628,36
BAC000383;BIODECHETS;120;110 rue des Lilas;Saint-Herblain;2020-06-10;355649,21;6690960,05
BAC000384;BIODECHETS;240;60 impasse des Tilleuls;Saint-Herblain;2021-04-12;356432,30;6692507,51
BAC000385;CS;120;104 chemin des Vignes;Rezé;2018-02-10;355455,04;6688855,45
BAC000386;CS;120;8 rue de la Gare;Nantes;2016-01-17;355803,50;6691427,65
BAC000387;CS;240;63 allée des Chênes;Nantes;2019-01-16;354308,82;6688683,36
BAC000388;OM;180;53 rue du Moulin;Saint-Herblain;2016-09-13;355097,44;6691114,77
BAC000389;BIODECHETS;240;33 rue Pasteur;Rezé;2021-06-13;356248,69;6690134,80
BAC000390;OM;340;62 rue de la Gare;Nantes;2017-04-16;356318,80;6688575,12
BAC000391;OM;180;14 chemin des Vignes;Rezé;2024-08-18;355682,19;6686422,02
BAC000392;CS;120;70 impasse des Tilleuls;Orvault;2015-01-15;354931,22;6688886,60
BAC000393;CS;660;113 rue des Lilas;Nantes;2017-06-15;354489,15;6688543,85
BAC000394;BIODECHETS;120;74 allée des Chênes;Saint-Herblain;2020-01-15;354157,08;6688926,71
BAC000395;BIODECHETS;120;21 boulevard Victor Hugo;Orvault;2019-06-16;356170,93;6692452,80
BAC000396;OM;240;47 place de la Mairie;Nantes;2023-01-15;352734,96;6689687,25
BAC000397;OM;340;77 avenue Jean Jaurès;Saint-Herblain;2016-07-13;358082,62;6688415,86
BAC000398;CS;340;103 chemin des Vignes;Orvault;2019-09-14;357711,50;6689630,64
BAC000399;OM;660;112 avenue Jean Jaurès;Rezé;2018-09-17;356113,72;6688342,54
BAC000400;OM;340;7 rue Pasteur;Orvault;2022-04-14;355666,71;6690064,24
BAC000401;CS;340;7 rue de la Gare;Rezé;2020-03-15;352510,56;6689709,96
BAC000402;OM;660;86 rue des Lilas;Saint-Herblain;2020-02-11;355356,34;6689196,33
BAC000403;OM;120;25 rue Pasteur;Saint-Herblain;2023-06-18;357538,17;6689640,59
BAC000404;OM;340;49 allée des Chênes;Nantes;2015-08-10;354405,13;6690774,77
BAC000405;CS;240;106 boulevard Victor Hugo;Nantes;2015-02-12;355790,27;6691929,14
BAC000406;BIODECHETS;240;26 allée des Chênes;Nantes;2020-06-16;358302,73;6688480,31
BAC000407;CS;240;39 rue des Lilas;Orvault;2017-05-10;357195,11;6688156,07
BAC000408;OM;180;53 boulevard Victor Hugo;Orvault;2019-01-12;357673,16;6692557,85
BAC000409;BIODECHETS;240;14 impasse des Tilleuls;Saint-Herblain;2021-07-14;355182,35;6689182,53
BAC000410;OM;240;41 rue Émile Zola;Saint-Herblain;2021-02-16;357317,85;6688191,99
BAC000411;CS;340;74 avenue Jean Jaurès;Orvault;2022-04-16;356570,20;6692169,15
BAC000412;OM;240;65 rue Émile Zola;Nantes;2022-01-15;356167,71;6692458,42
BAC000413;OM;180;54 rue Émile Zola;Orvault;2024-07-10;355314,31;6686914,77
BAC000414;OM;120;39 rue Pasteur;Saint-Herblain;2016-07-12;355643,69;6690983,41
BAC000415;VERRE;120;33 impasse des Tilleuls;Rezé;2015-06-18;357722,57;6688310,45
BAC000416;CS;120;64 rue de la Paix;Orvault;2024-08-13;354361,63;6691885,99
BAC000417;OM;240;114 rue de la Paix;Orvault;2019-02-13;355179,55;6689067,53
BAC000418;CS;340;115 rue de la Gare;Rezé;2017-09-17;355307,11;6686363,53
BAC000419;CS;120;20 chemin des Vignes;Nantes;2021-09-15;356112,70;6689820,83
BAC000420;VERRE;120;107 rue de la Gare;Rezé;2017-04-13;354867,32;6690815,96
BAC000421;OM;120;92 boulevard Victor Hugo;Orvault;2018-02-12;354462,63;6693412,84
BAC000422;OM;340;84 boulevard Victor Hugo;Saint-Herblain;2022-07-12;355808,20;6690283,95
BAC000423;VERRE;120;29 rue Émile Zola;Rezé;2023-02-15;354909,47;6689978,20
BAC000424;VERRE;240;113 rue Émile Zola;Nantes;2019-07-11;357535,10;6692756,47
BAC000425;BIODECHETS;120;11 allée des Chênes;Nantes;2015-08-15;356436,30;6689266,37
BAC000426;OM;340;38 boulevard Victor Hugo;Orvault;2017-09-11;355681,98;6686420,60
BAC000427;OM;180;92 rue de la Gare;Nantes;2023-09-18;357243,55;6689657,51
BAC000428;BIODECHETS;240;34 rue Émile Zola;Orvault;2017-01-10;355783,95;6692048,33
BAC000429;CS;120;77 rue Émile Zola;Saint-Herblain;2021-05-11;353058,17;6689654,56
BAC000430;BIODECHETS;120;117 rue Émile Zola;Rezé;2023-02-17;356449,45;6689772,36
BAC000431;VERRE;120;58 rue Émile Zola;Nantes;2019-05-11;354368,20;6688034,46
BAC000432;VERRE;120;18 rue du Moulin;Nantes;2015-02-14;355304,21;6686141,80
BAC000433;CS;340;89 rue de la Paix;Orvault;2019-02-14;354090,11;6688948,48
BAC000434;OM;660;21 rue des Lilas;Saint-Herblain;2018-02-11;358228,66;6688458,62
BAC000435;OM;660;77 avenue Jean Jaurès;Nantes;2018-03-11;355874,61;6691422,86
BAC000436;CS;660;19 rue de la Gare;Orvault;2019-07-11;355587,02;6688963,21
BAC000437;OM;240;20 rue de la Gare;Saint-Herblain;2023-01-15;354369,92;6688032,72
BAC000438;CS;120;78 rue de la Gare;Saint-Herblain;2015-09-15;356607,64;6691688,96
BAC000439;OM;340;37 rue Émile Zola;Rezé;2022-01-16;356954,32;6689303,02
BAC000440;OM;180;93 impasse des Tilleuls;Orvault;2021-08-10;355885,15;6690089,08
BAC000441;CS;340;107 boulevard Victor Hugo;Rezé;2021-06-13;353030,51;6688769,28
BAC000442;VERRE;240;115 boulevard Victor Hugo;Nantes;2017-05-14;355763,07;6692711,36
BAC000443;OM;340;56 rue de la Paix;Orvault;2020-04-13;354188,74;6690668,53
BAC000444;OM;180;44 rue Émile Zola;Saint-Herblain;2023-08-13;355299,98;6685817,79
BAC000445;VERRE;120;76 rue du Moulin;Saint-Herblain;2020-05-15;355558,16;6688122,48
BAC000446;OM;340;34 allée des Chênes;Nantes;2024-06-16;355298,85;6689938,05
BAC000447;CS;660;83 allée des Chênes;Saint-Herblain;2018-05-13;355770,94;6691640,26
BAC000448;OM;180;56 allée des Chênes;Saint-Herblain;2016-01-10;355604,04;6687302,66
BAC000449;OM;180;91 impasse des Tilleuls;Saint-Herblain;2017-09-12;357122,75;6689314,95
BAC000450;BIODECHETS;240;58 rue de la Paix;Saint-Herblain;2016-03-10;355279,21;6690140,30
BAC000451;VERRE;240;111 boulevard Victor Hugo;Rezé;2021-09-18;355434,32;6689253,16
BAC000452;OM;340;101 place de la Mairie;Orvault;2019-01-10;355860,48;6687117,47
BAC000453;OM;340;33 rue des Lilas;Nantes;2019-08-10;355262,88;6688455,61
BAC000454;BIODECHETS;240;54 place de la Mairie;Rezé;2015-09-11;356460,25;6689770,81
BAC000455;OM;660;16 chemin des Vignes;Orvault;2022-02-11;354878,58;6692422,84
BAC000456;BIODECHETS;240;17 avenue Jean Jaurès;Nantes;2017-02-13;355138,41;6688652,61
BAC000457;CS;240;69 rue du Moulin;Saint-Herblain;2017-01-10;354669,37;6690904,53
BAC000458;CS;120;101 rue Émile Zola;Orvault;2021-08-18;356089,61;6687709,24
BAC000459;OM;180;95 chemin des Vignes;Orvault;2021-04-11;356562,04;6689275,27
BAC000460;OM;660;91 rue de la Gare;Nantes;2023-02-10;357124,00;6689664,38
BAC000461;OM;340;37 rue des Lilas;Rezé;2022-03-13;355600,41;6685869,15
BAC000462;VERRE;240;17 impasse des Tilleuls;Orvault;2016-09-18;355904,92;6691240,99
BAC000463;OM;180;57 rue de la Gare;Orvault;2019-02-14;356657,00;6691956,19
BAC000464;BIODECHETS;120;59 rue des Lilas;Orvault;2018-03-10;357465,04;6692857,27
BAC000465;BIODECHETS;240;66 rue des Lilas;Orvault;2016-03-11;355336,54;6689932,63
BAC000466;OM;240;118 boulevard Victor Hugo;Nantes;2021-03-14;355193,62;6687998,97
BAC000467;CS;120;38 rue Émile Zola;Orvault;2023-06-12;355669,52;6687574,95
BAC000468;BIODECHETS;240;19 rue de la Paix;Saint-Herblain;2017-08-16;353434,51;6688577,58
BAC000469;OM;240;11 chemin des Vignes;Nantes;2017-01-17;354473,53;6692002,17
BAC000470;VERRE;120;65 avenue Jean Jaurès;Nantes;2016-09-11;355708,36;6688393,00
BAC000471;CS;240;72 rue de la Paix;Nantes;2016-08-16;355642,01;6686150,34
BAC000472;VERRE;240;92 rue de la Paix;Orvault;2023-08-18;352463,13;6689714,76
BAC000473;OM;660;43 chemin des Vignes;Orvault;2023-05-12;355998,80;6689837,23
BAC000474;OM;240;105 rue de la Gare;Saint-Herblain;2019-05-17;355621,74;6689389,74
BAC000475;OM;240;61 rue des Lilas;Saint-Herblain;2024-04-10;356374,81;6689262,03
BAC000476;BIODECHETS;120;7 rue de la Paix;Nantes;2024-07-16;354654,31;6689949,23
BAC000477;BIODECHETS;120;119 boulevard Victor Hugo;Orvault;2020-08-11;357712,72;6689630,57
BAC000478;BIODECHETS;240;42 chemin des Vignes;Rezé;2024-02-16;354824,32;6693033,74
BAC000479;OM;660;119 rue des Lilas;Saint-Herblain;2020-09-16;355578,90;6687736,16
BAC000480;VERRE;240;3 rue des Lilas;Nantes;2024-01-10;356153,18;6690161,35
BAC000481;VERRE;120;114 rue des Lilas;Rezé;2021-05-15;355652,31;6686220,00
BAC000482;CS;660;72 rue de la Gare;Rezé;2016-05-16;355725,76;6688311,26
BAC000483;BIODECHETS;240;62 impasse des Tilleuls;Nantes;2019-02-16;354249,69;6686131,23
BAC000484;OM;180;51 place de la Mairie;Saint-Herblain;2017-06-17;355633,27;6688234,45
BAC000485;OM;340;93 place de la Mairie;Rezé;2018-07-17;354998,86;6691066,35
BAC000486;CS;340;96 rue du Moulin;Nantes;2017-08-12;355763,25;6686866,37
BAC000487;CS;120;61 rue Pasteur;Orvault;2016-04-16;353882,84;6689015,85
BAC000488;CS;340;58 impasse des Tilleuls;Nantes;2016-06-11;357153,28;6689317,11
BAC000489;OM;120;103 rue Émile Zola;Nantes;2016-07-14;357045,02;6689668,92
BAC000490;OM;180;89 chemin des Vignes;Rezé;2018-08-16;355748,58;6686828,50
BAC000491;BIODECHETS;240;53 rue du Moulin;Nantes;2024-08-10;357048,54;6692724,55
BAC000492;OM;120;3 rue des Lilas;Orvault;2022-05-10;355529,41;6689233,94
BAC000493;BIODECHETS;120;37 place de la Mairie;Rezé;2018-02-10;355633,01;6686089,53
BAC000494;OM;120;115 rue Émile Zola;Orvault;2021-04-14;355747,17;6692187,83
BAC000495;OM;340;21 impasse des Tilleuls;Orvault;2019-07-17;356489,45;6691895,67
BAC000496;VERRE;240;67 rue des Lilas;Orvault;2023-08-11;356619,30;6689279,31
BAC000497;BIODECHETS;240;84 rue Émile Zola;Orvault;2024-09-16;355825,65;6688521,27
BAC000498;VERRE;120;96 rue des Lilas;Rezé;2019-02-14;355703,14;6687877,00
BAC000499;OM;340;53 avenue Jean Jaurès;Nantes;2015-02-12;355642,27;6686152,11
BAC000500;OM;340;35 avenue Jean Jaurès;Orvault;2019-02-15;353768,84;6691785,57
BAC000501;OM;180;26 rue Pasteur;Rezé;2018-03-11;355670,10;6688289,36
BAC000502;OM;340;19 rue de la Gare;Rezé;2018-06-16;355093,10;6691112,64
BAC000503;CS;120;109 rue Pasteur;Saint-Herblain;2017-07-16;353299,62;6689630,14
BAC000504;CS;120;17 rue de la Gare;Nantes;2022-04-13;355171,58;6691018,08
BAC000505;OM;120;10 boulevard Victor Hugo;Nantes;2019-02-11;356451,42;6689267,44
BAC000506;OM;660;99 rue de la Paix;Orvault;2016-09-17;353277,71;6689632,36
BAC000507;VERRE;240;42 rue de la Paix;Rezé;2019-03-11;356117,71;6690065,30
BAC000508;VERRE;240;59 rue de la Gare;Saint-Herblain;2022-09-11;357206,63;6687990,69
BAC000509;OM;120;88 rue de la Gare;Nantes;2018-09-12;357304,98;6688033,85
BAC000510;CS;120;106 rue Émile Zola;Rezé;2015-04-10;355728,27;6691419,96
BAC000511;CS;340;14 boulevard Victor Hugo;Rezé;2021-09-15;357252,73;6693162,75
BAC000512;CS;660;119 chemin des Vignes;Orvault;2017-07-17;354868,30;6693133,90
BAC000513;BIODECHETS;120;78 rue du Moulin;Orvault;2020-05-11;355488,41;6690043,97
BAC000514;CS;240;23 rue Émile Zola;Rezé;2022-07-10;354406,58;6687995,83
BAC000515;CS;240;97 rue du Moulin;Nantes;2023-07-10;355668,66;6686330,55
BAC000516;CS;120;81 boulevard Victor Hugo;Nantes;2022-01-16;355797,58;6691615,42
BAC000517;OM;240;3 impasse des Tilleuls;Rezé;2016-05-15;356721,15;6689286,51
BAC000518;BIODECHETS;120;59 boulevard Victor Hugo;Rezé;2020-03-12;355722,56;6687795,55
BAC000519;OM;340;67 place de la Mairie;Orvault;2015-07-17;354306,20;6690726,20
BAC000520;OM;660;110 impasse des Tilleuls;Orvault;2020-02-10;355610,45;6687329,34
BAC000521;OM;660;88 place de la Mairie;Orvault;2023-02-12;355246,92;6689945,54
BAC000522;CS;660;44 rue Émile Zola;Saint-Herblain;2024-05-17;354963,89;6690880,10
BAC000523;CS;340;35 rue Pasteur;Saint-Herblain;2015-01-15;354898,92;6688226,89
BAC000524;CS;340;62 chemin des Vignes;Saint-Herblain;2023-01-14;354595,70;6688461,43
BAC000525;OM;180;1 impasse des Tilleuls;Nantes;2019-04-12;355558,03;6685582,63
BAC000526;OM;120;86 impasse des Tilleuls;Rezé;2019-01-13;355474,25;6687997,38
BAC000527;VERRE;120;49 allée des Chênes;Orvault;2024-04-13;355771,23;6692452,26
BAC000528;BIODECHETS;120;7 allée des Chênes;Nantes;2015-01-17;357298,30;6688030,92
BAC000529;VERRE;240;77 rue du Moulin;Nantes;2016-08-17;355421,51;6690064,09
BAC000530;CS;120;58 rue du Moulin;Nantes;2018-04-14;355332,63;6690620,01
BAC000531;VERRE;240;118 rue de la Gare;Rezé;2017-06-11;355018,80;6692568,49
BAC000532;OM;340;47 rue des Lilas;Nantes;2017-03-14;356512,48;6689763,29
BAC000533;CS;120;94 place de la Mairie;Saint-Herblain;2017-06-15;356552,04;6691786,19
BAC000534;OM;120;62 rue des Lilas;Orvault;2015-09-14;357009,41;6692767,52
BAC000535;OM;180;101 rue Émile Zola;Nantes;2022-08-15;356680,52;6689689,88
BAC000536;VERRE;240;40 avenue Jean Jaurès;Orvault;2018-04-16;355566,80;6689349,71
BAC000537;CS;240;59 impasse des Tilleuls;Orvault;2021-08-11;355254,46;6689944,46
BAC000538;OM;180;28 rue Émile Zola;Nantes;2020-06-13;355061,67;6688981,65
BAC000539;OM;180;120 chemin des Vignes;Saint-Herblain;2024-06-18;355836,53;6687055,63
BAC000540;CS;340;65 boulevard Victor Hugo;Saint-Herblain;2023-08-11;355579,79;6688997,16
BAC000541;OM;120;77 rue du Moulin;Nantes;2016-03-18;355931,23;6687300,18
BAC000542;OM;180;8 place de la Mairie;Rezé;2020-03-12;355659,55;6691139,02
BAC000543;CS;660;107 rue Émile Zola;Nantes;2023-04-16;356028,38;6688245,77
BAC000544;CS;340;41 rue du Moulin;Rezé;2019-01-15;354155,92;6690652,42
BAC000545;OM;340;51 allée des Chênes;Saint-Herblain;2018-09-12;354172,84;6688921,59
BAC000546;CS;120;106 rue des Lilas;Orvault;2024-01-12;354894,17;6687505,12
BAC000547;OM;180;31 rue de la Gare;Nantes;2017-06-16;354748,36;6688753,40
BAC000548;CS;240;96 rue de la Paix;Nantes;2020-08-18;353927,81;6689001,24
BAC000549;CS;660;70 rue du Moulin;Saint-Herblain;2023-04-14;355824,45;6687024,42
BAC000550;BIODECHETS;120;42 rue de la Paix;Saint-Herblain;2020-06-15;355626,67;6690895,62
BAC000551;CS;660;57 rue Émile Zola;Orvault;2023-06-12;355743,80;6692208,10
BAC000552;CS;120;109 avenue Jean Jaurès;Nantes;2020-04-10;356268,86;6692281,50
BAC000553;CS;340;102 rue Pasteur;Rezé;2015-04-14;355722,87;6691392,11
BAC000554;CS;120;104 allée des Chênes;Orvault;2019-01-18;357078,76;6687934,56
BAC000555;CS;660;43 rue des Lilas;Nantes;2015-05-12;357169,73;6692591,44
BAC000556;VERRE;120;120 rue des Lilas;Saint-Herblain;2015-07-15;354292,47;6688110,69
BAC000557;OM;660;52 avenue Jean Jaurès;Orvault;2022-01-12;355262,74;6688455,82
BAC000558;BIODECHETS;120;13 chemin des Vignes;Rezé;2021-07-15;353357,45;6689186,69
BAC000559;OM;240;7 avenue Jean Jaurès;Nantes;2016-07-16;355222,90;6690697,55
BAC000560;CS;240;60 avenue Jean Jaurès;Rezé;2021-02-15;355609,89;6688855,71
BAC000561;CS;120;99 avenue Jean Jaurès;Saint-Herblain;2020-09-13;356001,97;6688215,82
BAC000562;CS;340;63 rue de la Gare;Nantes;2015-04-11;352974,00;6689663,07
BAC000563;OM;340;31 allée des Chênes;Nantes;2020-06-11;355663,36;6691205,02
BAC000564;OM;660;29 boulevard Victor Hugo;Saint-Herblain;2017-09-18;355415,89;6690062,71
BAC000565;CS;120;29 rue du Moulin;Saint-Herblain;2017-02-13;355623,60;6690516,48
BAC000566;CS;240;37 rue Émile Zola;Orvault;2016-06-17;354180,78;6688919,00
BAC000567;CS;340;33 rue Émile Zola;Orvault;2018-03-16;354459,68;6688566,65
BAC000568;OM;180;80 avenue Jean Jaurès;Nantes;2018-06-11;357600,45;6689637,02
BAC000569;CS;660;95 rue de la Paix;Rezé;2020-01-17;355317,87;6690119,88
BAC000570;CS;120;36 rue des Lilas;Saint-Herblain;2015-06-18;356306,55;6688561,21
BAC000571;CS;660;83 rue Émile Zola;Saint-Herblain;2019-04-16;354697,18;6690702,95
BAC000572;CS;120;61 chemin des Vignes;Rezé;2015-05-12;355573,14;6685684,79
BAC000573;OM;180;22 rue Émile Zola;Rezé;2021-06-18;357400,68;6688075,86
BAC000574;VERRE;240;38 rue Émile Zola;Orvault;2021-07-12;355649,64;6691014,12
BAC000575;BIODECHETS;240;39 place de la Mairie;Nantes;2017-04-15;353954,40;6691933,53
BAC000576;OM;240;71 allée des Chênes;Orvault;2017-03-10;357111,88;6689665,08
BAC000577;OM;180;85 rue Émile Zola;Orvault;2018-09-13;355722,01;6687898,40
BAC000578;VERRE;240;93 chemin des Vignes;Rezé;2022-02-15;354261,15;6688720,23
BAC000579;OM;240;34 rue Pasteur;Orvault;2024-09-11;355795,52;6691680,91
BAC000580;OM;120;57 rue Émile Zola;Nantes;2022-05-15;356446,42;6692472,86
BAC000581;VERRE;240;14 allée des Chênes;Orvault;2017-03-17;356923,54;6689300,84
BAC000582;OM;340;114 rue Pasteur;Nantes;2016-05-13;355760,39;6688148,58
BAC000583;CS;240;110 avenue Jean Jaurès;Rezé;2024-03-12;355920,71;6688123,68
BAC000584;CS;340;117 allée des Chênes;Orvault;2016-09-15;354166,05;6692925,37
BAC000585;VERRE;120;40 boulevard Victor Hugo;Nantes;2016-02-12;357715,47;6692496,98
BAC000586;CS;660;14 avenue Jean Jaurès;Nantes;2022-06-15;357982,64;6688386,58
BAC000587;OM;180;120 rue Émile Zola;Rezé;2018-05-13;355543,31;6685483,14
BAC000588;CS;120;88 boulevard Victor Hugo;Nantes;2017-05-12;356742,07;6689686,34
BAC000589;VERRE;120;77 impasse des Tilleuls;Saint-Herblain;2017-07-14;354848,75;6688265,69
BAC000590;BIODECHETS;240;99 chemin des Vignes;Rezé;2018-01-13;354249,59;6688153,84
BAC000591;CS;340;44 rue du Moulin;Orvault;2015-01-13;356187,39;6692423,99
BAC000592;OM;240;37 avenue Jean Jaurès;Rezé;2021-01-11;355125,14;6690766,66
BAC000593;BIODECHETS;120;49 rue Émile Zola;Rezé;2022-08-13;357917,77;6689618,81
BAC000594;CS;340;109 rue Émile Zola;Nantes;2022-04-12;355684,31;6686436,35
BAC000595;OM;660;107 avenue Jean Jaurès;Rezé;2020-05-14;355656,51;6691086,44
BAC000596;BIODECHETS;240;5 rue des Lilas;Saint-Herblain;2021-05-15;356233,01;6689803,52
BAC000597;OM;660;106 boulevard Victor Hugo;Nantes;2016-04-15;356349,67;6688610,11
BAC000598;BIODECHETS;120;67 chemin des Vignes;Saint-Herblain;2015-07-15;355052,72;6689973,24
BAC000599;OM;240;9 avenue Jean Jaurès;Saint-Herblain;2016-04-12;355630,17;6687411,32
BAC000600;CS;340;102 allée des Chênes;Nantes;2024-03-18;356513,16;6691854,19
BAC000601;CS;240;59 boulevard Victor Hugo;Saint-Herblain;2020-02-10;353236,68;6688671,46
BAC000602;CS;240;44 avenue Jean Jaurès;Rezé;2021-03-18;354867,66;6693132,44
BAC000603;OM;180;83 chemin des Vignes;Rezé;2022-04-17;353949,74;6691929,82
BAC000604;BIODECHETS;240;49 allée des Chênes;Saint-Herblain;2021-02-13;355969,02;6688735,06
BAC000605;VERRE;240;43 allée des Chênes;Nantes;2017-07-17;355774,59;6690307,71
BAC000606;VERRE;120;74 place de la Mairie;Nantes;2019-08-10;356531,54;6692264,00
BAC000607;OM;660;32 rue des Lilas;Orvault;2022-07-17;355517,72;6691248,04
BAC000608;CS;120;95 impasse des Tilleuls;Rezé;2015-08-15;357005,55;6687902,42
BAC000609;BIODECHETS;240;120 place de la Mairie;Saint-Herblain;2015-01-18;355373,16;6688281,06
BAC000610;CS;660;92 allée des Chênes;Rezé;2015-01-11;356376,48;6689782,87
BAC000611;BIODECHETS;240;80 rue du Moulin;Rezé;2017-02-18;354487,30;6688545,28
BAC000612;OM;120;55 place de la Mairie;Nantes;2018-07-17;358278,99;6688473,35
BAC000613;CS;340;14 place de la Mairie;Nantes;2018-07-17;355645,92;6690903,08
BAC000614;CS;120;108 rue Émile Zola;Saint-Herblain;2016-07-18;352715,55;6689689,21
BAC000615;OM;240;73 rue de la Gare;Rezé;2024-02-15;355468,50;6690075,68
BAC000616;OM;180;69 allée des Chênes;Orvault;2021-09-11;355724,78;6691401,98
BAC000617;OM;120;97 rue Pasteur;Saint-Herblain;2018-01-17;356950,66;6687878,33
BAC000618;CS;240;107 rue de la Gare;Nantes;2022-03-15;355590,11;6688693,46
BAC000619;CS;120;98 rue de la Gare;Orvault;2021-05-18;354215,24;6691733,99
BAC000620;CS;660;78 rue des Lilas;Nantes;2016-06-12;355570,16;6687161,79
BAC000621;CS;240;58 avenue Jean Jaurès;Rezé;2022-07-14;354178,41;6691695,74
BAC000622;VERRE;120;82 rue Pasteur;Saint-Herblain;2019-06-16;355608,20;6690057,60
BAC000623;OM;180;74 rue du Moulin;Nantes;2016-04-16;355391,55;6689221,99
BAC000624;BIODECHETS;240;100 impasse des Tilleuls;Orvault;2016-09-10;356062,87;6687640,18
BAC000625;BIODECHETS;240;18 rue Émile Zola;Orvault;2022-01-10;357906,86;6688298,10
BAC000626;BIODECHETS;120;61 rue de la Paix;Orvault;2017-02-12;352297,27;6689731,56
BAC000627;CS;120;32 rue de la Paix;Saint-Herblain;2024-07-17;357748,82;6689628,50
BAC000628;CS;240;82 avenue Jean Jaurès;Saint-Herblain;2015-02-13;357092,84;6692675,89
BAC000629;CS;660;68 rue de la Paix;Saint-Herblain;2017-08-17;353240,51;6688669,63
BAC000630;OM;660;30 chemin des Vignes;Saint-Herblain;2015-05-11;355513,64;6689308,03
BAC000631;CS;340;60 rue de la Paix;Nantes;2018-07-10;355415,31;6691180,00
BAC000632;VERRE;240;72 rue Émile Zola;Saint-Herblain;2018-01-15;356287,66;6689795,65
BAC000633;OM;340;21 rue Pasteur;Rezé;2023-03-10;355497,27;6689385,04
BAC000634;CS;120;83 rue de la Paix;Saint-Herblain;2019-02-15;355302,79;6686032,92
BAC000635;VERRE;240;105 boulevard Victor Hugo;Saint-Herblain;2018-01-14;357666,28;6688293,96
BAC000636;CS;240;67 allée des Chênes;Saint-Herblain;2019-01-12;354931,98;6693278,93
BAC000637;CS;340;107 impasse des Tilleuls;Orvault;2024-08-11;355311,84;6686725,82
BAC000638;VERRE;120;53 rue de la Gare;Orvault;2021-02-12;354212,02;6688758,25
BAC000639;BIODECHETS;240;113 rue des Lilas;Nantes;2021-09-14;355156,69;6693790,77
BAC000640;VERRE;240;88 impasse des Tilleuls;Nantes;2017-03-18;355569,10;6689899,11
BAC000641;VERRE;120;30 rue Émile Zola;Rezé;2022-02-13;355622,79;6690875,57
BAC000642;CS;240;23 rue des Lilas;Nantes;2023-01-18;356357,43;6692126,55
BAC000643;VERRE;120;95 rue Émile Zola;Nantes;2019-07-12;355314,24;6686909,12
BAC000644;BIODECHETS;240;76 rue Pasteur;Nantes;2022-02-17;355790,33;6688468,62
BAC000645;OM;240;63 place de la Mairie;Saint-Herblain;2020-03-11;355742,90;6692213,46
BAC000646;OM;660;73 boulevard Victor Hugo;Orvault;2023-01-15;356475,41;6690071,77
BAC000647;VERRE;240;113 allée des Chênes;Rezé;2021-06-16;355578,75;6688707,08
BAC000648;CS;120;96 boulevard Victor Hugo;Nantes;2022-02-18;353419,20;6688584,85
BAC000649;CS;120;58 avenue Jean Jaurès;Nantes;2024-09-15;355178,74;6690008,78
BAC000650;OM;340;37 impasse des Tilleuls;Orvault;2018-04-11;357842,47;6688345,54
BAC000651;CS;660;69 rue Pasteur;Rezé;2022-05-14;357337,68;6689652,10
BAC000652;CS;660;76 rue du Moulin;Rezé;2018-09-13;355769,91;6686883,58
BAC000653;CS;240;89 rue Émile Zola;Orvault;2023-05-14;355925,70;6688129,35
BAC000654;OM;340;26 rue du Moulin;Orvault;2015-09-17;354897,38;6690341,93
BAC000655;VERRE;120;11 impasse des Tilleuls;Orvault;2020-01-13;355292,79;6689938,93
BAC000656;CS;340;5 impasse des Tilleuls;Nantes;2024-08-14;354609,24;6689944,11
BAC000657;OM;240;23 rue Pasteur;Rezé;2020-05-12;357088,82;6693398,64
BAC000658;OM;240;75 boulevard Victor Hugo;Rezé;2024-02-15;355765,93;6691614,38
BAC000659;OM;120;83 chemin des Vignes;Rezé;2023-06-13;355886,69;6690178,73
BAC000660;OM;120;95 allée des Chênes;Nantes;2022-02-10;354861,60;6690812,17
BAC000661;OM;340;40 rue Pasteur;Rezé;2016-05-15;355525,91;6690375,59
BAC000662;VERRE;240;85 place de la Mairie;Rezé;2019-09-10;356642,22;6691628,51
BAC000663;OM;340;12 rue des Lilas;Nantes;2019-06-12;357793,44;6691906,53
BAC000664;OM;120;113 rue du Moulin;Nantes;2016-01-13;355698,79;6687696,70
BAC000665;CS;240;42 rue des Lilas;Nantes;2021-01-15;353087,04;6689651,63
BAC000666;CS;660;75 rue Pasteur;Rezé;2015-05-17;356168,28;6688404,41
BAC000667;CS;120;63 place de la Mairie;Rezé;2023-05-10;353644,30;6691686,26
BAC000668;OM;240;22 allée des Chênes;Saint-Herblain;2023-07-14;355667,42;6687566,20
BAC000669;BIODECHETS;240;118 allée des Chênes;Orvault;2016-05-17;355306,68;6686330,85
BAC000670;CS;240;62 boulevard Victor Hugo;Rezé;2019-06-11;356682,92;6691892,60
BAC000671;OM;120;91 avenue Jean Jaurès;Rezé;2019-08-11;356157,81;6690245,56
BAC000672;CS;120;45 rue Émile Zola;Saint-Herblain;2015-04-12;353311,56;6688635,92
BAC000673;OM;660;120 rue de la Gare;Nantes;2021-03-18;354498,38;6685434,54
BAC000674;VERRE;240;116 avenue Jean Jaurès;Orvault;2022-08-13;354023,13;6688381,81
BAC000675;VERRE;240;47 avenue Jean Jaurès;Rezé;2020-01-14;354932,63;6693280,40
BAC000676;OM;240;49 rue des Lilas;Saint-Herblain;2021-07-18;357389,78;6689649,11
BAC000677;BIODECHETS;240;96 rue Pasteur;Nantes;2015-06-17;356335,06;6692165,71
BAC000678;CS;660;82 rue du Moulin;Orvault;2018-07-12;355940,47;6690095,38
BAC000679;OM;340;77 place de la Mairie;Orvault;2024-09-14;354807,80;6688796,69
BAC000680;OM;240;93 impasse des Tilleuls;Saint-Herblain;2024-08-18;355761,19;6692103,69
BAC000681;OM;660;61 rue Émile Zola;Rezé;2018-01-12;352148,70;6689746,59
BAC000682;OM;120;59 impasse des Tilleuls;Rezé;2020-09-15;355147,36;6689044,07
BAC000683;VERRE;240;60 chemin des Vignes;Rezé;2016-08-15;356080,34;6687685,30
BAC000684;OM;660;67 rue de la Gare;Orvault;2017-05-15;355692,73;6686684,29
BAC000685;BIODECHETS;240;91 rue Pasteur;Saint-Herblain;2020-07-17;357164,65;6692597,01
BAC000686;OM;240;38 rue des Lilas;Rezé;2017-06-15;352175,00;6689743,94
BAC000687;VERRE;240;110 rue Émile Zola;Nantes;2022-01-14;354074,87;6688273,80
BAC000688;OM;180;38 chemin des Vignes;Rezé;2023-03-15;355866,80;6691469,75
BAC000689;CS;660;60 allée des Chênes;Orvault;2020-05-10;357011,91;6687905,21
BAC000690;OM;120;101 rue des Lilas;Saint-Herblain;2015-02-10;355782,79;6686916,85
BAC000691;CS;240;45 rue des Lilas;Orvault;2020-08-15;355400,72;6690034,01
BAC000692;VERRE;120;116 avenue Jean Jaurès;Nantes;2016-09-17;355748,03;6688206,62
BAC000693;OM;660;95 rue des Lilas;Saint-Herblain;2023-04-17;356234,72;6692992,40
BAC000694;VERRE;240;36 boulevard Victor Hugo;Nantes;2019-09-12;355796,05;6691664,10
BAC000695;VERRE;240;95 rue des Lilas;Saint-Herblain;2023-08-17;356298,99;6688552,64
BAC000696;OM;340;10 avenue Jean Jaurès;Orvault;2024-03-17;357746,62;6691957,93
BAC000697;OM;180;26 chemin des Vignes;Nantes;2023-03-18;357543,18;6689344,74
BAC000698;OM;240;42 rue Pasteur;Rezé;2020-02-10;355083,28;6690243,76
BAC000699;CS;660;14 chemin des Vignes;Rezé;2020-07-11;355684,77;6691195,47
BAC000700;VERRE;240;75 allée des Chênes;Rezé;2018-02-14;355710,80;6690069,25
BAC000701;OM;340;74 place de la Mairie;Orvault;2021-05-10;355520,59;6688776,84
BAC000702;BIODECHETS;240;30 rue de la Paix;Rezé;2019-06-13;354711,91;6692777,74
BAC000703;OM;340;34 boulevard Victor Hugo;Orvault;2023-07-18;354495,47;6693466,79
BAC000704;CS;340;98 boulevard Victor Hugo;Orvault;2024-06-10;353741,24;6689061,90
BAC000705;OM;340;14 rue Pasteur;Orvault;2021-06-18;354393,38;6693299,00
BAC000706;CS;120;25 rue Émile Zola;Rezé;2019-03-16;354094,15;6688947,17
BAC000707;OM;120;68 boulevard Victor Hugo;Rezé;2017-01-14;353229,72;6689228,23
BAC000708;OM;660;90 rue du Moulin;Orvault;2021-02-10;353952,88;6688993,09
BAC000709;VERRE;240;75 rue de la Paix;Rezé;2023-08-18;356047,27;6688267,18
BAC000710;VERRE;240;113 rue Pasteur;Saint-Herblain;2021-09-17;355814,81;6686999,52
BAC000711;BIODECHETS;120;79 allée des Chênes;Saint-Herblain;2022-05-11;355719,73;6688363,36
BAC000712;CS;340;5 avenue Jean Jaurès;Rezé;2023-08-12;353309,84;6689629,11
BAC000713;CS;120;1 rue de la Gare;Nantes;2016-09-14;355169,37;6690735,40
BAC000714;CS;660;79 rue Émile Zola;Rezé;2015-05-18;357316,47;6693071,04
BAC000715;OM;180;114 place de la Mairie;Saint-Herblain;2022-07-16;357484,95;6692828,62
BAC000716;CS;660;83 rue de la Gare;Rezé;2019-02-10;355727,88;6690139,59
BAC000717;BIODECHETS;120;53 boulevard Victor Hugo;Rezé;2019-01-18;354701,54;6687698,96
BAC000718;VERRE;240;21 impasse des Tilleuls;Saint-Herblain;2016-03-17;355907,94;6688643,98
BAC000719;VERRE;120;33 impasse des Tilleuls;Rezé;2023-04-15;355625,51;6687881,75
BAC000720;OM;340;7 rue Pasteur;Saint-Herblain;2016-02-17;357834,73;6688266,44
BAC000721;VERRE;120;21 allée des Chênes;Nantes;2021-01-16;355591,13;6690712,18
BAC000722;CS;120;92 boulevard Victor Hugo;Orvault;2019-01-12;355434,03;6690037,79
BAC000723;VERRE;120;24 rue des Lilas;Nantes;2018-03-12;355172,27;6689194,62
BAC000724;OM;660;44 avenue Jean Jaurès;Nantes;2016-09-17;357938,99;6688373,80
BAC000725;VERRE;240;114 chemin des Vignes;Nantes;2017-06-15;357079,76;6693411,68
BAC000726;VERRE;120;20 chemin des Vignes;Saint-Herblain;2024-05-10;355624,44;6690530,97
BAC000727;OM;120;109 rue de la Paix;Saint-Herblain;2020-02-13;353688,60;6688457,04
BAC000728;VERRE;120;22 rue des Lilas;Rezé;2015-09-13;355196,03;6688561,40
BAC000729;OM;660;91 rue de la Gare;Nantes;2017-04-16;354171,61;6691688,68
BAC000730;VERRE;120;41 rue Émile Zola;Saint-Herblain;2021-08-11;353294,54;6688643,99
BAC000731;OM;180;90 place de la Mairie;Saint-Herblain;2023-03-10;355390,10;6689220,94
BAC000732;OM;660;38 place de la Mairie;Saint-Herblain;2017-01-15;355633,90;6688742,88
BAC000733;OM;180;1 place de la Mairie;Saint-Herblain;2021-07-13;355779,67;6691992,76
BAC000734;OM;340;109 rue du Moulin;Rezé;2017-03-17;354114,86;6688289,47
BAC000735;CS;660;83 rue de la Paix;Nantes;2020-05-14;354897,01;6689976,78
BAC000736;CS;240;73 rue Pasteur;Orvault;2017-03-14;355447,22;6690070,43
BAC000737;OM;660;34 impasse des Tilleuls;Nantes;2023-07-10;355406,67;6689233,01
BAC000738;OM;180;98 rue Pasteur;Rezé;2019-02-13;355451,73;6687963,79
BAC000739;BIODECHETS;120;65 rue Émile Zola;Saint-Herblain;2021-03-14;354995,56;6688878,72
BAC000740;OM;240;2 rue de la Paix;Nantes;2023-07-14;354646,56;6689948,35
BAC000741;CS;660;47 chemin des Vignes;Orvault;2018-08-15;355303,43;6686081,94
BAC000742;CS;340;19 place de la Mairie;Orvault;2019-08-13;356042,47;6690217,13
BAC000743;CS;240;113 boulevard Victor Hugo;Nantes;2023-02-13;353982,28;6688983,53
BAC000744;CS;240;7 rue de la Gare;Nantes;2024-09-12;355666,79;6691264,49
BAC000745;OM;340;57 allée des Chênes;Rezé;2019-01-13;355148,99;6693773,24
BAC000746;OM;240;30 avenue Jean Jaurès;Orvault;2019-07-17;358294,39;6688477,87
BAC000747;CS;660;106 rue Émile Zola;Rezé;2018-07-15;355868,58;6691459,06
BAC000748;OM;340;100 place de la Mairie;Nantes;2021-01-15;355558,93;6687115,06
BAC000749;VERRE;240;77 rue du Moulin;Orvault;2024-03-14;355774,72;6692341,38
BAC000750;BIODECHETS;240;49 rue des Lilas;Nantes;2015-01-11;356106,50;6690073,21
BAC000751;OM;340;119 rue de la Gare;Orvault;2023-05-12;355306,34;6691107,60
BAC000752;VERRE;120;71 chemin des Vignes;Orvault;2017-04-13;354706,72;6688723,06
BAC000753;OM;340;52 rue des Lilas;Saint-Herblain;2016-04-13;356047,79;6690190,66
BAC000754;OM;340;5 rue Pasteur;Nantes;2021-05-14;354276,93;6688126,33
BAC000755;OM;340;90 rue des Lilas;Nantes;2021-04-16;356749,29;6689995,64
BAC000756;VERRE;240;72 avenue Jean Jaurès;Saint-Herblain;2022-01-17;355685,58;6691199,65
BAC000757;CS;240;75 avenue Jean Jaurès;Nantes;2022-06-13;356719,04;6691494,16
BAC000758;OM;180;83 rue de la Paix;Nantes;2024-08-15;354815,93;6689967,58
BAC000759;CS;660;1 rue de la Paix;Nantes;2022-09-17;357150,25;6689662,87
BAC000760;OM;340;66 rue du Moulin;Nantes;2016-07-15;356492,49;6689270,35
BAC000761;CS;340;97 rue de la Gare;Saint-Herblain;2021-09-18;356081,02;6690181,42
BAC000762;CS;340;27 impasse des Tilleuls;Rezé;2023-05-13;356653,91;6691963,77
BAC000763;CS;340;6 rue des Lilas;Nantes;2017-07-15;355607,23;6687315,93
BAC000764;CS;120;55 rue Émile Zola;Rezé;2024-02-11;354976,02;6688909,64
BAC000765;OM;180;92 rue de la Paix;Rezé;2017-06-14;356131,85;6692521,15
BAC000766;CS;340;68 rue Pasteur;Saint-Herblain;2015-02-13;356475,18;6691920,63
BAC000767;OM;120;112 chemin des Vignes;Saint-Herblain;2020-09-10;354505,45;6685414,71
BAC000768;OM;340;83 rue Émile Zola;Orvault;2022-03-12;355669,10;6688287,87
BAC000769;OM;180;50 place de la Mairie;Nantes;2018-09-17;357531,40;6688254,49
BAC000770;CS;340;85 rue Pasteur;Saint-Herblain;2020-03-18;354382,51;6685759,13
BAC000771;CS;240;38 chemin des Vignes;Orvault;2017-06-12;355663,37;6691205,35
BAC000772;VERRE;120;24 place de la Mairie;Nantes;2019-03-17;355515,66;6688782,75
BAC000773;OM;180;32 allée des Chênes;Orvault;2015-05-17;354881,24;6693163,37
BAC000774;OM;120;28 rue du Moulin;Orvault;2018-08-17;354925,03;6687474,07
BAC000775;OM;120;56 boulevard Victor Hugo;Rezé;2019-09-11;356129,04;6690168,07
BAC000776;VERRE;240;48 rue Émile Zola;Nantes;2020-01-18;355702,58;6690068,33
BAC000777;OM;180;77 rue de la Paix;Orvault;2021-01-16;353886,79;6689014,58
BAC000778;OM;660;116 rue de la Gare;Saint-Herblain;2023-09-17;357000,91;6692776,86
BAC000779;BIODECHETS;120;101 rue du Moulin;Rezé;2024-04-16;355303,36;6686076,35
BAC000780;OM;120;78 chemin des Vignes;Saint-Herblain;2022-08-14;355324,05;6687773,48
BAC000781;OM;240;13 rue des Lilas;Orvault;2022-09-16;354703,47;6693808,74
BAC000782;VERRE;120;83 rue des Lilas;Rezé;2021-03-10;355651,24;6691336,76
BAC000783;CS;660;100 avenue Jean Jaurès;Orvault;2018-05-17;353750,88;6689058,76
BAC000784;CS;660;96 place de la Mairie;Orvault;2017-09-15;353155,10;6688710,17
BAC000785;BIODECHETS;240;49 rue Émile Zola;Rezé;2017-05-18;354209,51;6688194,18
BAC000786;OM;660;59 boulevard Victor Hugo;Orvault;2015-01-10;354339,80;6685878,76
BAC000787;CS;120;71 rue Pasteur;Orvault;2023-06-16;355670,35;6691326,22
BAC000788;OM;180;105 impasse des Tilleuls;Saint-Herblain;2015-08-15;354125,39;6688937,01
BAC000789;CS;240;106 rue Pasteur;Rezé;2022-08-12;355306,53;6686319,48
BAC000790;OM;660;105 allée des Chênes;Saint-Herblain;2018-02-11;354920,77;6692466,66
BAC000791;OM;240;117 impasse des Tilleuls;Nantes;2021-07-18;354190,51;6690669,39
BAC000792;OM;340;45 rue de la Gare;Rezé;2020-03-13;358272,65;6688471,50
BAC000793;OM;120;27 rue de la Gare;Orvault;2022-02-15;355298,35;6685693,24
BAC000794;OM;660;51 allée des Chênes;Nantes;2015-02-15;354722,17;6692260,39
BAC000795;BIODECHETS;240;65 impasse des Tilleuls;Saint-Herblain;2022-03-16;358404,09;6688509,99
BAC000796;OM;120;76 allée des Chênes;Orvault;2016-02-12;357205,73;6687990,29
BAC000797;OM;240;78 impasse des Tilleuls;Saint-Herblain;2018-07-16;356076,80;6690182,60
BAC000798;CS;240;66 rue Pasteur;Saint-Herblain;2022-09-10;357344,16;6688199,69
BAC000799;OM;660;92 boulevard Victor Hugo;Rezé;2017-05-13;354325,31;6685919,34
BAC000800;CS;660;11 avenue Jean Jaurès;Saint-Herblain;2022-07-16;354215,41;6688188,25
BAC000801;CS;240;84 rue Émile Zola;Rezé;2017-09-11;353337,60;6689193,14
BAC000802;BIODECHETS;120;44 allée des Chênes;Nantes;2024-02-16;354916,40;6687482,75
BAC000803;OM;180;25 rue du Moulin;Saint-Herblain;2020-01-16;355765,42;6691611,73
BAC000804;BIODECHETS;120;35 rue Émile Zola;Nantes;2023-01-12;355510,42;6689308,61
BAC000805;OM;340;29 rue Pasteur;Rezé;2024-04-18;357378,25;6688066,02
BAC000806;OM;240;29 rue de la Gare;Rezé;2015-01-10;354361,26;6693246,20
BAC000807;OM;240;109 allée des Chênes;Rezé;2024-02-13;356233,87;6692342,70
BAC000808;OM;660;78 boulevard Victor Hugo;Saint-Herblain;2023-03-10;354957,62;6688905,84
BAC000809;BIODECHETS;120;67 allée des Chênes;Orvault;2024-07-16;357850,47;6691843,92
BAC000810;CS;340;93 rue Pasteur;Orvault;2016-03-10;356538,85;6692246,05
BAC000811;BIODECHETS;240;55 rue de la Paix;Orvault;2017-06-13;356161,75;6688397,01
BAC000812;VERRE;120;113 rue des Lilas;Rezé;2024-02-14;352376,61;6689723,52
BAC000813;OM;180;101 avenue Jean Jaurès;Saint-Herblain;2017-06-13;355150,18;6693775,93
BAC000814;OM;180;112 rue Pasteur;Rezé;2017-09-16;355128,36;6688668,50
BAC000815;OM;340;10 chemin des Vignes;Rezé;2023-06-11;355018,75;6688842,01
BAC000816;OM;180;35 avenue Jean Jaurès;Rezé;2016-06-15;356478,24;6689269,34
BAC000817;OM;340;98 allée des Chênes;Nantes;2015-04-17;356567,48;6691759,20
BAC000818;OM;660;84 rue de la Gare;Nantes;2023-07-12;354401,21;6685706,71
BAC000819;OM;180;65 rue Pasteur;Saint-Herblain;2022-01-17;354493,92;6688540,17
BAC000820;BIODECHETS;240;16 rue des Lilas;Nantes;2024-07-14;354356,65;6685831,57
BAC000821;CS;660;22 boulevard Victor Hugo;Nantes;2024-03-18;353100,72;6688735,97
BAC000822;CS;120;99 boulevard Victor Hugo;Saint-Herblain;2016-02-18;355543,15;6687049,50
BAC000823;OM;180;112 place de la Mairie;Rezé;2019-05-11;355536,76;6689199,38
BAC000824;OM;180;15 boulevard Victor Hugo;Nantes;2015-01-16;354425,97;6685637,35
BAC000825;CS;340;84 rue Émile Zola;Orvault;2021-04-16;356526,15;6691831,48
BAC000826;CS;340;32 boulevard Victor Hugo;Rezé;2018-08-10;355555,41;6685564,90
BAC000827;VERRE;120;50 rue Pasteur;Orvault;2023-08-15;355298,83;6685729,28
BAC000828;CS;660;94 rue de la Gare;Saint-Herblain;2022-09-15;354174,44;6688787,32
BAC000829;OM;180;26 rue Émile Zola;Saint-Herblain;2016-03-17;354919,31;6687479,82
BAC000830;OM;180;19 place de la Mairie;Saint-Herblain;2020-03-12;357466,01;6689644,73
BAC000831;CS;340;47 rue du Moulin;Orvault;2019-04-11;355577,17;6690447,21
BAC000832;OM;660;78 avenue Jean Jaurès;Saint-Herblain;2020-04-13;355850,95;6687092,85
BAC000833;VERRE;240;71 rue des Lilas;Saint-Herblain;2019-01-12;354133,90;6692076,66
BAC000834;BIODECHETS;240;3 rue des Lilas;Saint-Herblain;2016-05-14;355674,33;6687844,35
BAC000835;CS;340;3 allée des Chênes;Saint-Herblain;2020-08-13;355366,86;6688291,04
BAC000836;BIODECHETS;240;30 impasse des Tilleuls;Rezé;2020-09-17;357171,73;6693279,31
BAC000837;OM;240;50 avenue Jean Jaurès;Saint-Herblain;2021-02-16;355632,83;6690676,30
BAC000838;CS;340;71 allée des Chênes;Saint-Herblain;2019-06-17;355913,68;6689849,49
BAC000839;OM;340;85 allée des Chênes;Nantes;2016-01-13;354099,51;6686552,03
BAC000840;CS;120;37 impasse des Tilleuls;Nantes;2024-02-11;355648,40;6686193,54
BAC000841;OM;180;1 rue Pasteur;Rezé;2021-09-18;356962,10;6687883,35
BAC000842;OM;240;20 boulevard Victor Hugo;Nantes;2017-03-12;355420,44;6688896,95
BAC000843;VERRE;120;23 rue de la Gare;Orvault;2021-04-12;357564,29;6692714,47
BAC000844;CS;240;50 boulevard Victor Hugo;Nantes;2021-05-11;354249,82;6693063,04
BAC000845;OM;240;27 rue de la Paix;Orvault;2023-03-12;354628,60;6692163,22
BAC000846;OM;120;39 rue de la Gare;Saint-Herblain;2022-01-17;355762,80;6690075,16
BAC000847;CS;120;6 rue du Moulin;Orvault;2016-08-13;356201,99;6689807,98
BAC000848;OM;660;64 rue Pasteur;Rezé;2016-08-12;355726,99;6691413,38
BAC000849;CS;340;4 rue des Lilas;Rezé;2024-01-16;357056,74;6687924,89
BAC000850;CS;660;5 rue des Lilas;Nantes;2015-02-12;353853,61;6691853,15
BAC000851;CS;340;19 impasse des Tilleuls;Orvault;2021-05-15;356189,77;6692419,84
BAC000852;CS;660;78 rue des Lilas;Orvault;2024-01-18;355112,40;6691122,12
BAC000853;CS;660;114 impasse des Tilleuls;Rezé;2022-06-15;355585,78;6688698,65
BAC000854;OM;660;18 rue Émile Zola;Orvault;2024-07-11;356926,78;6687867,85
BAC000855;OM;120;87 avenue Jean Jaurès;Rezé;2018-04-13;355909,17;6687243,21
BAC000856;BIODECHETS;120;62 allée des Chênes;Nantes;2021-05-11;356310,23;6692209,13
BAC000857;CS;660;46 rue de la Gare;Orvault;2022-08-11;356828,21;6689973,70
BAC000858;VERRE;240;109 rue Émile Zola;Rezé;2016-03-16;355591,72;6690715,20
BAC000859;CS;340;35 rue Pasteur;Rezé;2018-07-15;357413,35;6692931,64
BAC000860;OM;120;14 avenue Jean Jaurès;Nantes;2017-03-16;357619,94;6688280,40
BAC000861;VERRE;240;39 rue de la Gare;Orvault;2016-01-17;354681,19;6687719,46
BAC000862;OM;240;108 boulevard Victor Hugo;Rezé;2019-03-12;357462,91;6689644,91
BAC000863;OM;660;41 rue Pasteur;Saint-Herblain;2020-01-10;355763,69;6692088,65
BAC000864;OM;340;99 place de la Mairie;Rezé;2019-08-18;357394,55;6692344,54
BAC000865;BIODECHETS;240;47 boulevard Victor Hugo;Rezé;2023-01-18;354628,64;6692163,25
BAC000866;CS;240;59 rue Pasteur;Rezé;2022-02-17;354480,08;6693441,52
BAC000867;BIODECHETS;240;120 rue du Moulin;Rezé;2019-03-12;355560,03;6687119,64
BAC000868;VERRE;120;4 rue du Moulin;Orvault;2020-07-13;354699,00;6690704,16
BAC000869;BIODECHETS;240;98 impasse des Tilleuls;Saint-Herblain;2024-09-13;354503,72;6690823,18
BAC000870;BIODECHETS;120;99 rue Émile Zola;Orvault;2018-07-16;355662,20;6689885,70
BAC000871;CS;240;53 place de la Mairie;Nantes;2019-05-16;355666,71;6691263,20
BAC000872;BIODECHETS;120;94 rue Émile Zola;Saint-Herblain;2017-03-13;354141,00;6688263,15
BAC000873;OM;240;15 rue Émile Zola;Saint-Herblain;2021-09-14;354889,19;6690346,25
BAC000874;OM;180;117 allée des Chênes;Nantes;2021-05-15;357834,00;6688343,07
BAC000875;BIODECHETS;240;27 rue de la Gare;Saint-Herblain;2018-04-15;354186,44;6686308,45
BAC000876;CS;120;29 rue de la Gare;Orvault;2021-06-15;355735,08;6687847,60
BAC000877;OM;180;20 boulevard Victor Hugo;Saint-Herblain;2020-04-12;355907,65;6690183,89
BAC000878;CS;340;65 rue de la Paix;Saint-Herblain;2023-07-17;355413,70;6689238,14
BAC000879;OM;240;83 rue de la Paix;Nantes;2017-05-13;357225,55;6692530,13
BAC000880;VERRE;120;31 rue du Moulin;Nantes;2020-01-16;353299,12;6688641,83
BAC000881;OM;240;50 rue du Moulin;Saint-Herblain;2021-05-15;354041,02;6688289,86
BAC000882;CS;120;98 rue Émile Zola;Nantes;2015-05-13;354650,60;6693721,81
BAC000883;OM;340;106 impasse des Tilleuls;Nantes;2015-05-15;356459,51;6692440,74
BAC000884;OM;180;77 rue de la Paix;Orvault;2019-07-13;355935,80;6688278,91
BAC000885;OM;660;43 chemin des Vignes;Orvault;2023-04-18;356300,02;6692832,12
BAC000886;OM;120;8 rue de la Paix;Saint-Herblain;2019-02-16;355624,91;6689957,77
BAC000887;CS;340;40 allée des Chênes;Saint-Herblain;2019-04-16;354466,75;6691995,15
BAC000888;VERRE;120;45 rue Émile Zola;Rezé;2016-05-12;356650,03;6689281,48
BAC000889;CS;660;113 avenue Jean Jaurès;Saint-Herblain;2024-01-13;354153,43;6686400,95
BAC000890;VERRE;120;23 rue de la Paix;Rezé;2017-09-14;355511,62;6690086,30
BAC000891;OM;240;97 boulevard Victor Hugo;Saint-Herblain;2022-07-15;354474,09;6692347,99
BAC000892;OM;340;46 rue Émile Zola;Rezé;2021-01-14;355958,99;6689842,97
BAC000893;BIODECHETS;120;90 impasse des Tilleuls;Nantes;2024-06-17;355656,34;6691083,53
BAC000894;BIODECHETS;240;55 avenue Jean Jaurès;Orvault;2016-02-16;355504,93;6689348,99
BAC000895;OM;180;112 chemin des Vignes;Saint-Herblain;2022-05-12;355409,48;6690565,71
BAC000896;BIODECHETS;120;28 impasse des Tilleuls;Orvault;2019-05-17;357155,29;6687968,15
BAC000897;VERRE;120;24 boulevard Victor Hugo;Rezé;2018-06-12;354325,32;6693187,13
BAC000898;OM;180;82 rue des Lilas;Saint-Herblain;2017-04-17;354732,25;6689958,08
BAC000899;OM;240;60 rue du Moulin;Nantes;2018-01-16;356378,51;6689782,57
BAC000900;OM;120;16 place de la Mairie;Nantes;2022-09-10;355783,62;6692058,60
BAC000901;CS;660;56 boulevard Victor Hugo;Saint-Herblain;2019-03-11;356385,26;6692077,90
BAC000902;OM;240;57 chemin des Vignes;Rezé;2017-07-11;354123,13;6688937,74
BAC000903;OM;120;48 rue de la Gare;Orvault;2015-09-12;355783,57;6688458,54
BAC000904;OM;660;81 boulevard Victor Hugo;Nantes;2019-06-15;355311,40;6686691,81
BAC000905;OM;660;5 rue de la Paix;Saint-Herblain;2018-02-10;354766,93;6688328,98
BAC000906;OM;120;30 boulevard Victor Hugo;Rezé;2015-07-18;354561,76;6692417,92
BAC000907;CS;660;14 rue du Moulin;Nantes;2023-05-12;357342,90;6689651,80
BAC000908;CS;240;120 rue Pasteur;Nantes;2023-06-10;355884,48;6687179,45
BAC000909;OM;240;48 avenue Jean Jaurès;Rezé;2021-08-17;354807,91;6692349,44
BAC000910;CS;660;52 avenue Jean Jaurès;Saint-Herblain;2018-04-10;357705,67;6692511,08
BAC000911;CS;120;8 rue de la Paix;Nantes;2023-08-16;355768,94;6690311,70
BAC000912;VERRE;120;102 impasse des Tilleuls;Nantes;2020-08-15;354154,76;6686397,21
BAC000913;VERRE;120;58 rue de la Paix;Orvault;2019-04-12;355735,47;6690335,35
BAC000914;OM;120;69 rue des Lilas;Nantes;2022-02-17;354214,21;6688756,54
BAC000915;CS;120;36 impasse des Tilleuls;Orvault;2017-07-14;357893,44;6688360,47
BAC000916;OM;120;86 allée des Chênes;Saint-Herblain;2016-01-17;355775,92;6692303,21
BAC000917;BIODECHETS;120;45 allée des Chênes;Rezé;2018-01-12;354524,16;6690833,22
BAC000918;CS;120;112 impasse des Tilleuls;Nantes;2017-01-11;354865,02;6687534,45
BAC000919;VERRE;120;82 chemin des Vignes;Orvault;2020-03-10;353558,58;6689121,29
BAC000920;VERRE;120;97 rue de la Gare;Rezé;2020-02-11;355585,77;6688969,05
BAC000921;OM;120;108 boulevard Victor Hugo;Orvault;2021-06-15;354537,58;6688506,39
BAC000922;BIODECHETS;240;82 chemin des Vignes;Saint-Herblain;2015-07-18;356436,57;6691988,15
BAC000923;OM;180;62 chemin des Vignes;Nantes;2018-03-14;357531,98;6692193,61
BAC000924;BIODECHETS;120;47 rue des Lilas;Nantes;2016-06-14;355649,74;6690395,93
BAC000925;CS;340;40 chemin des Vignes;Nantes;2017-05-16;357849,65;6688347,65
BAC000926;OM;340;56 place de la Mairie;Nantes;2019-04-16;356758,17;6691425,74
BAC000927;OM;660;25 rue des Lilas;Orvault;2021-04-17;355864,39;6688364,53
BAC000928;OM;240;87 rue du Moulin;Saint-Herblain;2022-05-18;355411,47;6688220,45
BAC000929;OM;660;120 rue de la Gare;Saint-Herblain;2019-04-14;355956,92;6690178,89
BAC000930;OM;240;41 place de la Mairie;Rezé;2019-04-14;354243,64;6692164,20
BAC000931;VERRE;120;1 allée des Chênes;Orvault;2015-07-18;357555,24;6692727,48
BAC000932;OM;340;40 rue Émile Zola;Nantes;2021-07-18;355678,93;6687614,10
BAC000933;CS;340;19 rue de la Paix;Orvault;2016-03-12;356177,38;6688414,73
BAC000934;OM;660;20 rue du Moulin;Rezé;2023-04-11;354939,53;6693296,12
BAC000935;OM;180;105 impasse des Tilleuls;Saint-Herblain;2018-08-16;355050,70;6690260,96
BAC000936;CS;340;68 rue des Lilas;Rezé;2019-04-12;354670,78;6692504,89
BAC000937;OM;180;77 chemin des Vignes;Orvault;2015-01-17;354442,39;6693379,57
BAC000938;CS;660;46 chemin des Vignes;Nantes;2024-02-16;357542,83;6692181,70
BAC000939;CS;660;119 boulevard Victor Hugo;Nantes;2022-09-18;354258,91;6686105,38
BAC000940;OM;240;117 chemin des Vignes;Orvault;2018-09-18;353223,51;6688677,71
BAC000941;CS;120;93 impasse des Tilleuls;Orvault;2024-06-16;353510,94;6688541,32
BAC000942;OM;240;87 rue de la Paix;Orvault;2023-09-15;354233,15;6688741,90
BAC000943;BIODECHETS;120;18 rue Émile Zola;Rezé;2018-08-17;357691,98;6692017,93
BAC000944;OM;340;75 rue des Lilas;Saint-Herblain;2018-05-13;355120,13;6689024,24
BAC000945;CS;240;92 allée des Chênes;Saint-Herblain;2024-02-12;357055,32;6687924,27
BAC000946;OM;340;19 chemin des Vignes;Saint-Herblain;2020-06-15;354548,60;6687852,89
BAC000947;OM;180;10 allée des Chênes;Saint-Herblain;2016-04-17;356326,83;6689790,01
BAC000948;OM;180;57 rue des Lilas;Orvault;2022-09-18;357181,53;6693265,22
BAC000949;BIODECHETS;240;8 rue du Moulin;Saint-Herblain;2018-05-13;355009,76;6688856,24
BAC000950;BIODECHETS;120;88 rue de la Paix;Orvault;2018-04-15;355789,00;6691888,10
BAC000951;OM;660;12 impasse des Tilleuls;Rezé;2021-01-18;354192,26;6692123,22
BAC000952;CS;340;34 chemin des Vignes;Orvault;2024-08-17;357080,07;6687935,13
BAC000953;OM;120;112 place de la Mairie;Saint-Herblain;2015-03-16;354731,06;6689957,95
BAC000954;OM;240;95 impasse des Tilleuls;Saint-Herblain;2015-03-14;355149,62;6690208,74
BAC000955;CS;120;117 boulevard Victor Hugo;Orvault;2022-06-14;355595,31;6690733,74
BAC000956;VERRE;120;2 rue Pasteur;Nantes;2024-03-16;354406,09;6685693,03
BAC000957;OM;660;80 rue de la Gare;Nantes;2016-03-18;356436,63;6692496,88
BAC000958;OM;340;107 rue des Lilas;Orvault;2024-04-18;355778,89;6692208,98
BAC000959;OM;340;56 rue de la Gare;Saint-Herblain;2015-02-14;354983,41;6690296,50
BAC000960;OM;180;55 allée des Chênes;Rezé;2017-05-10;354440,62;6687961,56
BAC000961;BIODECHETS;240;17 boulevard Victor Hugo;Saint-Herblain;2017-08-14;355659,85;6686599,38
BAC000962;CS;660;77 allée des Chênes;Rezé;2018-02-12;356797,72;6689683,14
BAC000963;VERRE;120;76 rue de la Gare;Rezé;2021-04-15;356075,53;6687672,88
BAC000964;OM;180;105 avenue Jean Jaurès;Rezé;2017-01-15;357012,39;6687905,43
BAC000965;VERRE;240;67 rue de la Gare;Orvault;2021-01-14;355285,69;6691207,24
BAC000966;CS;340;6 rue des Lilas;Rezé;2024-09-17;355771,99;6692428,09
BAC000967;BIODECHETS;240;35 avenue Jean Jaurès;Nantes;2024-08-17;356620,94;6689693,31
BAC000968;BIODECHETS;240;8 rue de la Gare;Orvault;2015-08-13;356067,78;6689827,29
BAC000969;OM;660;45 rue Pasteur;Saint-Herblain;2023-09-15;356436,88;6690082,48
BAC000970;OM;340;77 boulevard Victor Hugo;Nantes;2018-05-16;355751,40;6687915,49
BAC000971;OM;660;78 rue Pasteur;Rezé;2015-01-15;354960,05;6692507,47
BAC000972;OM;660;23 rue Pasteur;Nantes;2023-03-16;355624,31;6688787,92
BAC000973;BIODECHETS;120;40 impasse des Tilleuls;Orvault;2021-02-13;352604,89;6689700,41
BAC000974;OM;120;57 impasse des Tilleuls;Orvault;2019-07-11;355244,59;6688484,56
BAC000975;CS;660;118 allée des Chênes;Orvault;2020-09-13;357130,10;6689664,03
BAC000976;CS;660;21 avenue Jean Jaurès;Orvault;2022-04-12;355290,92;6690649,49
BAC000977;CS;120;54 rue de la Paix;Rezé;2020-05-13;355243,29;6691186,41
BAC000978;CS;120;60 chemin des Vignes;Nantes;2019-05-17;355803,30;6691433,96
BAC000979;OM;240;51 impasse des Tilleuls;Rezé;2018-02-18;354937,01;6690862,25
BAC000980;CS;340;117 rue des Lilas;Orvault;2018-06-13;355611,56;6690307,83
BAC000981;CS;240;39 place de la Mairie;Nantes;2021-03-11;355462,06;6690040,98
BAC000982;OM;240;55 boulevard Victor Hugo;Nantes;2024-01-16;355604,08;6685893,94
BAC000983;OM;120;12 rue Pasteur;Orvault;2021-06-13;357387,87;6688212,48
BAC000984;VERRE;240;50 chemin des Vignes;Orvault;2016-07-10;354435,70;6688585,20
BAC000985;OM;660;86 boulevard Victor Hugo;Orvault;2019-03-15;354636,18;6687764,75
BAC000986;OM;240;96 rue de la Gare;Orvault;2021-06-11;355773,06;6692393,98
BAC000987;OM;180;19 rue des Lilas;Rezé;2023-02-13;355303,53;6686089,63
BAC000988;BIODECHETS;120;115 avenue Jean Jaurès;Orvault;2020-03-18;355649,72;6690968,87
BAC000989;VERRE;240;94 boulevard Victor Hugo;Orvault;2017-09-16;356393,79;6689780,37
BAC000990;CS;340;41 rue Émile Zola;Rezé;2023-05-16;357542,90;6689344,72
BAC000991;CS;660;16 rue de la Gare;Nantes;2024-07-17;355707,44;6690068,88
BAC000992;CS;340;33 rue Pasteur;Orvault;2024-01-17;354697,55;6692234,83
BAC000993;BIODECHETS;240;11 avenue Jean Jaurès;Saint-Herblain;2023-01-14;355457,87;6688852,05
BAC000994;BIODECHETS;120;18 rue des Lilas;Nantes;2015-08-11;357387,89;6689333,73
BAC000995;BIODECHETS;120;67 boulevard Victor Hugo;Rezé;2015-01-13;355575,53;6690631,69
BAC000996;OM;660;53 allée des Chênes;Nantes;2016-05-10;355701,55;6689880,04
BAC000997;VERRE;120;25 chemin des Vignes;Rezé;2022-08-18;355209,59;6691169,86
BAC000998;OM;120;120 rue des Lilas;Rezé;2023-07-12;354860,20;6690811,23
BAC000999;OM;180;17 chemin des Vignes;Rezé;2017-05-16;355605,08;6690195,65
BAC001000;BIODECHETS;240;53 rue Pasteur;Rezé;2019-08-11;354153,91;6688250,16
BAC001001;VERRE;240;102 avenue Jean Jaurès;Orvault;2018-07-17;355645,27;6688689,46
BAC001002;BIODECHETS;120;77 rue Pasteur;Rezé;2015-05-10;353438,24;6689160,41
BAC001003;CS;240;60 impasse des Tilleuls;Saint-Herblain;2022-02-14;355557,16;6688120,98
BAC001004;OM;240;30 rue du Moulin;Orvault;2018-08-10;355463,85;6687981,87
BAC001005;OM;240;29 impasse des Tilleuls;Rezé;2024-09-16;356091,96;6690229,33
BAC001006;OM;240;20 rue de la Paix;Rezé;2015-09-17;354427,04;6692310,46
BAC001007;OM;240;109 chemin des Vignes;Nantes;2022-05-17;355598,31;6688910,16
BAC001008;CS;240;88 rue Émile Zola;Saint-Herblain;2019-07-14;355472,87;6689912,98
BAC001009;OM;240;115 rue des Lilas;Nantes;2022-08-13;356348,14;6688608,39
BAC001010;VERRE;240;70 rue Pasteur;Nantes;2024-06-12;355895,14;6690222,54
BAC001011;OM;340;111 place de la Mairie;Orvault;2018-06-15;355473,84;6687996,77
BAC001012;VERRE;240;70 impasse des Tilleuls;Orvault;2020-09-17;358364,32;6688498,34
BAC001013;OM;180;20 chemin des Vignes;Rezé;2021-02-14;355304,60;6686171,28
BAC001014;CS;240;32 allée des Chênes;Nantes;2020-03-15;355975,35;6687414,11
BAC001015;OM;340;86 rue du Moulin;Orvault;2020-09-15;358072,59;6688412,91
BAC001016;OM;660;41 allée des Chênes;Orvault;2021-06-14;356951,04;6689674,32
BAC001017;OM;180;18 rue des Lilas;Rezé;2017-04-16;355600,43;6690115,03
BAC001018;OM;180;119 rue des Lilas;Rezé;2016-05-17;354119,59;6686495,77
BAC001019;OM;120;58 place de la Mairie;Orvault;2020-01-16;353192,42;6689640,98
BAC001020;OM;240;97 rue Émile Zola;Rezé;2022-07-16;356783,69;6689290,94
BAC001021;OM;340;73 impasse des Tilleuls;Orvault;2020-01-10;356787,97;6689984,89
BAC001022;BIODECHETS;120;44 avenue Jean Jaurès;Rezé;2021-04-17;354202,03;6692130,99
BAC001023;CS;240;39 place de la Mairie;Nantes;2024-07-14;355039,61;6691086,36
BAC001024;OM;120;92 impasse des Tilleuls;Orvault;2022-01-14;356292,16;6690122,71
BAC001025;CS;340;44 rue Pasteur;Orvault;2024-03-10;355520,02;6687669,42
BAC001026;OM;340;13 chemin des Vignes;Rezé;2021-07-14;357741,75;6691963,28
BAC001027;OM;240;31 rue Émile Zola;Rezé;2022-01-13;354448,63;6685573,88
BAC001028;VERRE;240;81 rue Émile Zola;Orvault;2020-01-17;356855,71;6689296,04
BAC001029;CS;120;31 rue Émile Zola;Nantes;2021-04-15;357249,40;6688009,46
BAC001030;BIODECHETS;240;62 rue des Lilas;Rezé;2017-08-17;354180,25;6691697,64
BAC001031;BIODECHETS;240;105 rue de la Paix;Nantes;2016-07-13;355174,46;6688595,55
BAC001032;BIODECHETS;120;11 boulevard Victor Hugo;Rezé;2018-01-18;355609,48;6690806,86
BAC001033;CS;120;102 impasse des Tilleuls;Saint-Herblain;2022-04-16;355681,28;6687852,23
BAC001034;OM;120;20 rue de la Gare;Rezé;2024-03-10;357441,62;6688228,21
BAC001035;OM;180;101 rue du Moulin;Rezé;2016-03-12;356085,42;6687698,42
BAC001036;OM;660;44 rue de la Paix;Saint-Herblain;2020-04-15;354759,82;6690948,95
BAC001037;OM;120;49 boulevard Victor Hugo;Rezé;2021-05-12;354768,37;6690953,15
BAC001038;OM;240;115 rue du Moulin;Orvault;2017-08-15;355735,51;6689899,39
BAC001039;CS;660;44 rue Pasteur;Rezé;2017-09-10;355913,02;6688651,56
BAC001040;OM;340;7 rue Pasteur;Rezé;2019-04-11;356761,64;6691419,69
BAC001041;VERRE;120;93 chemin des Vignes;Saint-Herblain;2015-05-15;356167,17;6688403,14
BAC001042;BIODECHETS;120;11 allée des Chênes;Saint-Herblain;2022-04-10;354244,74;6688898,22
BAC001043;CS;240;114 rue de la Paix;Nantes;2021-06-17;357111,86;6693365,47
BAC001044;OM;340;76 rue de la Gare;Orvault;2018-03-14;355654,46;6690062,85
BAC001045;VERRE;240;20 rue Pasteur;Orvault;2017-09-12;356101,98;6690076,41
BAC001046;CS;340;42 boulevard Victor Hugo;Rezé;2020-08-12;355575,99;6687732,86
BAC001047;VERRE;120;68 rue des Lilas;Rezé;2022-07-15;356335,81;6692744,28
BAC001048;OM;240;112 avenue Jean Jaurès;Nantes;2023-07-15;355735,68;6691458,25
BAC001049;CS;120;70 place de la Mairie;Rezé;2019-06-14;354113,62;6688290,72
BAC001050;CS;120;59 impasse des Tilleuls;Orvault;2017-05-15;357128,87;6692636,32
BAC001051;VERRE;120;15 rue de la Gare;Saint-Herblain;2023-06-14;354236,86;6686167,15
BAC001052;CS;240;64 boulevard Victor Hugo;Saint-Herblain;2018-04-13;354580,86;6688472,90
BAC001053;CS;660;23 rue des Lilas;Saint-Herblain;2020-03-11;355702,28;6688421,57
BAC001054;BIODECHETS;120;65 impasse des Tilleuls;Rezé;2023-05-12;356184,95;6690252,25
BAC001055;VERRE;120;78 rue du Moulin;Rezé;2023-07-11;357318,19;6692428,39
BAC001056;CS;660;6 rue Pasteur;Rezé;2021-04-17;355640,33;6690806,23
BAC001057;OM;340;82 rue Pasteur;Orvault;2015-09-14;355628,87;6688227,88
BAC001058;BIODECHETS;120;106 place de la Mairie;Nantes;2015-07-18;355756,19;6692133,67
BAC001059;CS;240;57 rue de la Paix;Orvault;2019-06-18;354846,52;6688267,42
BAC001060;BIODECHETS;120;62 rue de la Gare;Nantes;2016-01-16;355660,41;6689417,93
BAC001061;CS;120;32 place de la Mairie;Saint-Herblain;2017-06-17;354945,67;6691040,22
BAC001062;CS;340;96 rue de la Paix;Rezé;2023-06-14;355637,91;6690953,63
BAC001063;OM;120;60 impasse des Tilleuls;Nantes;2024-08-12;356093,17;6690178,04
BAC001064;OM;120;64 rue du Moulin;Nantes;2023-06-16;355947,92;6688703,60
BAC001065;OM;120;107 rue Émile Zola;Saint-Herblain;2015-08-17;354681,83;6692218,51
BAC001066;VERRE;240;91 chemin des Vignes;Rezé;2021-07-18;355962,67;6688246,70
BAC001067;BIODECHETS;120;83 avenue Jean Jaurès;Orvault;2016-05-12;355789,89;6686935,20
BAC001068;CS;660;33 place de la Mairie;Orvault;2019-02-11;354595,41;6690635,35
BAC001069;CS;240;17 rue Pasteur;Nantes;2022-07-11;357200,49;6693237,95
BAC001070;VERRE;240;55 allée des Chênes;Rezé;2021-07-16;355603,60;6685890,66
BAC001071;CS;660;94 place de la Mairie;Nantes;2015-08-15;355610,54;6690290,14
BAC001072;OM;340;92 impasse des Tilleuls;Orvault;2022-02-18;355387,52;6687868,08
BAC001073;CS;120;10 rue des Lilas;Nantes;2017-09-12;355776,45;6692012,08
BAC001074;OM;180;40 rue du Moulin;Orvault;2022-02-12;357725,51;6689629,84
BAC001075;OM;120;84 rue Émile Zola;Rezé;2023-04-16;354878,06;6692422,31
BAC001076;VERRE;120;113 rue de la Paix;Saint-Herblain;2017-08-13;355649,15;6687490,23
BAC001077;CS;240;79 place de la Mairie;Rezé;2015-01-18;355362,55;6689928,88
BAC001078;VERRE;120;78 rue Pasteur;Orvault;2023-01-13;354885,13;6690348,40
BAC001079;OM;340;94 rue des Lilas;Nantes;2020-02-17;354151,71;6692901,81
BAC001080;OM;120;83 place de la Mairie;Nantes;2020-04-16;356845,14;6687832,02
BAC001081;CS;240;59 rue Émile Zola;Nantes;2019-03-11;355132,34;6690217,85
BAC001082;CS;120;19 rue de la Gare;Nantes;2019-08-11;356675,27;6691911,38
BAC001083;BIODECHETS;240;111 rue du Moulin;Orvault;2019-05-11;355023,67;6688953,96
BAC001084;CS;660;22 rue des Lilas;Orvault;2022-05-18;354229,53;6690688,55
BAC001085;VERRE;240;42 rue des Lilas;Saint-Herblain;2019-04-16;354685,30;6693778,86
BAC001086;OM;660;27 chemin des Vignes;Orvault;2023-08-14;353841,92;6691843,84
BAC001087;OM;240;15 rue des Lilas;Nantes;2018-09-16;355299,87;6685809,81
BAC001088;OM;180;30 rue Émile Zola;Rezé;2019-06-17;355299,20;6685758,04
BAC001089;OM;180;95 rue Pasteur;Rezé;2015-08-16;355375,90;6690089,25
BAC001090;CS;340;76 impasse des Tilleuls;Nantes;2020-01-16;355752,88;6688183,83
BAC001091;VERRE;120;82 chemin des Vignes;Orvault;2020-08-16;353398,67;6689173,28
BAC001092;VERRE;120;64 chemin des Vignes;Rezé;2018-06-12;354602,38;6692450,32
BAC001093;CS;120;119 place de la Mairie;Rezé;2023-02-13;355648,51;6686194,33
BAC001094;CS;660;1 rue Émile Zola;Saint-Herblain;2022-02-15;355312,16;6686749,55
BAC001095;CS;240;31 rue de la Gare;Nantes;2019-02-18;355745,31;6692199,02
BAC001096;OM;240;54 rue du Moulin;Nantes;2017-05-16;355071,03;6690951,27
BAC001097;VERRE;240;86 rue de la Gare;Saint-Herblain;2022-03-12;355495,98;6688086,73
BAC001098;VERRE;120;108 rue du Moulin;Rezé;2018-01-13;355705,98;6688342,85
BAC001099;BIODECHETS;120;98 chemin des Vignes;Nantes;2017-05-15;355762,70;6692723,24
BAC001100;CS;240;75 place de la Mairie;Saint-Herblain;2022-05-10;356372,57;6692654,07
BAC001101;VERRE;120;24 rue Pasteur;Nantes;2016-07-14;355793,89;6691732,85
BAC001102;BIODECHETS;240;82 rue de la Paix;Saint-Herblain;2021-09-16;352195,74;6689741,84
BAC001103;OM;180;12 allée des Chênes;Saint-Herblain;2015-05-18;355931,26;6688135,65
BAC001104;CS;340;49 chemin des Vignes;Orvault;2019-08-14;355661,47;6686281,90
BAC001105;BIODECHETS;120;17 rue Émile Zola;Saint-Herblain;2018-01-11;355665,87;6688592,63
BAC001106;OM;120;27 rue des Lilas;Rezé;2015-02-13;355403,10;6687891,32
BAC001107;CS;340;80 rue de la Paix;Orvault;2018-05-10;355675,65;6686640,19
BAC001108;OM;120;102 rue Pasteur;Rezé;2023-08-16;356714,84;6687774,84
BAC001109;BIODECHETS;240;3 place de la Mairie;Saint-Herblain;2020-03-13;355338,13;6687794,47
BAC001110;OM;120;50 rue Pasteur;Orvault;2020-01-13;355775,64;6688016,32
BAC001111;CS;340;58 rue des Lilas;Rezé;2019-05-10;356618,47;6692050,71
BAC001112;OM;340;51 rue Émile Zola;Saint-Herblain;2024-07-11;357640,82;6688286,51
BAC001113;BIODECHETS;240;97 rue Pasteur;Saint-Herblain;2016-07-13;355349,34;6687811,17
BAC001114;OM;180;41 rue Émile Zola;Orvault;2016-04-18;356358,29;6692689,13
BAC001115;OM;120;27 place de la Mairie;Nantes;2024-01-17;357018,46;6692757,59
BAC001116;OM;660;34 place de la Mairie;Nantes;2018-06-15;355368,05;6690050,93
BAC001117;OM;660;57 rue de la Gare;Nantes;2023-02-13;354457,99;6685547,64
BAC001118;VERRE;240;71 avenue Jean Jaurès;Nantes;2023-09-10;356389,63;6692612,20
BAC001119;BIODECHETS;120;107 impasse des Tilleuls;Orvault;2018-08-11;355614,43;6690357,60
BAC001120;OM;340;55 impasse des Tilleuls;Saint-Herblain;2018-09-12;354600,80;6687800,36
BAC001121;OM;180;53 rue de la Paix;Rezé;2018-06-16;355500,50;6688079,56
BAC001122;OM;180;108 rue de la Gare;Nantes;2021-08-14;356230,54;6692348,52
BAC001123;BIODECHETS;120;53 chemin des Vignes;Rezé;2016-04-18;356181,52;6692434,27
BAC001124;CS;660;6 allée des Chênes;Orvault;2020-08-13;355722,54;6688326,37
BAC001125;CS;120;59 rue Émile Zola;Orvault;2015-03-17;355649,02;6690956,76
BAC001126;OM;340;45 allée des Chênes;Nantes;2020-03-11;354436,77;6691964,01
BAC001127;OM;120;73 rue du Moulin;Nantes;2016-03-16;355261,82;6690149,48
BAC001128;CS;660;17 rue Émile Zola;Nantes;2017-02-11;357741,88;6688316,10
BAC001129;CS;120;41 rue Pasteur;Orvault;2024-02-16;357335,58;6689652,22
BAC001130;OM;340;79 boulevard Victor Hugo;Orvault;2021-08-11;356590,14;6692120,23
BAC001131;BIODECHETS;120;1 impasse des Tilleuls;Saint-Herblain;2022-02-14;357643,81;6692070,83
BAC001132;CS;240;42 rue des Lilas;Nantes;2015-02-15;357346,65;6693027,61
BAC001133;OM;340;120 allée des Chênes;Orvault;2015-09-14;355935,09;6691059,93
BAC001134;CS;240;69 place de la Mairie;Rezé;2024-07-12;354394,97;6685724,19
BAC001135;CS;240;73 avenue Jean Jaurès;Nantes;2022-06-14;355290,73;6690021,51
BAC001136;VERRE;120;120 rue Pasteur;Orvault;2022-06-14;354794,39;6687605,54
BAC001137;CS;340;74 impasse des Tilleuls;Saint-Herblain;2018-05-15;355805,47;6691837,85
BAC001138;VERRE;120;22 chemin des Vignes;Rezé;2023-09-14;353785,67;6688410,98
BAC001139;VERRE;240;33 boulevard Victor Hugo;Saint-Herblain;2022-04-14;357752,87;6689628,27
BAC001140;OM;340;112 place de la Mairie;Nantes;2020-08-11;355210,17;6688539,02
BAC001141;OM;120;3 rue Émile Zola;Saint-Herblain;2020-01-13;355595,79;6690034,64
BAC001142;OM;240;34 allée des Chênes;Orvault;2024-02-15;354862,50;6690999,37
BAC001143;VERRE;120;19 avenue Jean Jaurès;Rezé;2022-01-12;354617,39;6692462,29
BAC001144;CS;120;86 impasse des Tilleuls;Saint-Herblain;2020-03-17;352551,54;6689705,82
BAC001145;CS;240;18 rue de la Gare;Orvault;2018-04-16;356077,99;6687679,23
BAC001146;CS;340;94 avenue Jean Jaurès;Orvault;2022-04-14;355635,35;6686536,13
BAC001147;OM;340;110 chemin des Vignes;Rezé;2015-03-16;356659,96;6691597,48
BAC001148;CS;660;6 rue des Lilas;Rezé;2024-08-17;355210,80;6688538,02
BAC001149;VERRE;120;8 place de la Mairie;Rezé;2021-01-11;354510,62;6692040,70
BAC001150;OM;180;78 rue de la Paix;Orvault;2020-09-18;356265,83;6692286,79
BAC001151;CS;120;46 impasse des Tilleuls;Saint-Herblain;2016-01-17;354137,52;6692878,49
BAC001152;CS;660;14 rue de la Gare;Nantes;2022-04-12;355013,50;6688946,55
BAC001153;VERRE;120;109 rue du Moulin;Saint-Herblain;2016-04-13;354902,42;6690839,28
BAC001154;CS;240;111 avenue Jean Jaurès;Nantes;2017-06-18;354339,76;6685878,87
BAC001155;CS;660;105 rue Émile Zola;Orvault;2017-03-18;354270,31;6686073,44
BAC001156;VERRE;240;69 impasse des Tilleuls;Orvault;2020-08-10;354792,71;6692333,65
BAC001157;OM;340;109 rue Pasteur;Rezé;2022-01-12;355612,40;6687902,50
BAC001158;CS;240;89 chemin des Vignes;Orvault;2018-08-15;355239,97;6689946,54
BAC001159;OM;660;94 rue Pasteur;Rezé;2018-05-12;354378,57;6685770,15
BAC001160;CS;120;40 rue Pasteur;Nantes;2022-08-15;357255,32;6692497,43
BAC001161;OM;120;106 rue de la Paix;Nantes;2015-04-12;357308,35;6693082,73
BAC001162;OM;120;82 rue Pasteur;Saint-Herblain;2023-01-18;354975,39;6693377,80
BAC001163;OM;340;36 rue des Lilas;Orvault;2018-08-15;355883,09;6691372,01
BAC001164;BIODECHETS;240;12 impasse des Tilleuls;Rezé;2021-07-11;355662,38;6691079,90
BAC001165;CS;240;88 rue Émile Zola;Nantes;2020-09-12;355027,45;6688956,71
BAC001166;CS;660;68 place de la Mairie;Nantes;2017-02-10;355175,08;6689191,25
BAC001167;CS;660;105 rue des Lilas;Orvault;2018-08-10;355870,28;6690240,10
BAC001168;CS;340;109 rue de la Paix;Orvault;2018-05-15;357342,71;6689330,53
BAC001169;BIODECHETS;240;69 allée des Chênes;Orvault;2020-02-11;357367,32;6688206,47
BAC001170;OM;180;26 chemin des Vignes;Saint-Herblain;2021-09-13;355725,95;6692315,23
BAC001171;OM;660;8 rue Pasteur;Nantes;2023-01-17;355625,53;6688782,23
BAC001172;CS;120;63 avenue Jean Jaurès;Saint-Herblain;2018-03-15;357516,71;6688126,80
BAC001173;OM;660;60 rue de la Paix;Saint-Herblain;2023-06-10;357195,46;6693245,18
BAC001174;OM;660;49 chemin des Vignes;Nantes;2019-02-14;355265,56;6689082,72
BAC001175;BIODECHETS;120;13 rue de la Gare;Nantes;2015-09-11;353801,00;6688403,71
BAC001176;OM;240;9 impasse des Tilleuls;Nantes;2022-04-12;355283,80;6689940,22
BAC001177;VERRE;120;17 rue de la Gare;Saint-Herblain;2020-09-15;356537,35;6692249,76
BAC001178;VERRE;120;39 chemin des Vignes;Rezé;2018-06-18;352901,65;6689670,38
BAC001179;OM;340;2 rue du Moulin;Orvault;2023-01-17;354311,79;6688876,42
BAC001180;OM;120;1 rue Émile Zola;Nantes;2017-05-18;355538,46;6690440,36
BAC001181;OM;660;29 impasse des Tilleuls;Saint-Herblain;2018-09-16;355588,28;6689365,36
BAC001182;VERRE;120;81 impasse des Tilleuls;Rezé;2017-04-18;354577,31;6687823,99
BAC001183;CS;340;115 rue des Lilas;Orvault;2016-05-12;355627,20;6687879,08
BAC001184;BIODECHETS;240;63 rue de la Paix;Rezé;2021-09-18;355626,47;6690894,53
BAC001185;VERRE;240;31 boulevard Victor Hugo;Rezé;2023-08-16;355297,77;6685648,90
BAC001186;CS;240;42 allée des Chênes;Saint-Herblain;2020-07-18;355923,67;6690187,85
BAC001187;CS;240;25 rue du Moulin;Orvault;2024-02-11;355140,39;6693753,64
BAC001188;CS;340;118 rue Émile Zola;Nantes;2024-04-11;356257,13;6689253,71
BAC001189;OM;340;95 allée des Chênes;Nantes;2017-08-17;352150,04;6689746,46
BAC001190;CS;340;73 impasse des Tilleuls;Rezé;2019-02-10;355650,69;6688663,98
BAC001191;OM;180;26 avenue Jean Jaurès;Nantes;2023-02-13;354573,67;6688478,46
BAC001192;OM;120;43 chemin des Vignes;Nantes;2017-07-17;357145,41;6693317,20
BAC001193;OM;240;42 rue de la Gare;Nantes;2019-08-11;354623,67;6693677,55
BAC001194;VERRE;120;119 impasse des Tilleuls;Nantes;2017-06-15;353958,94;6691937,15
BAC001195;BIODECHETS;240;116 rue de la Gare;Saint-Herblain;2022-04-17;355732,02;6690278,48
BAC001196;VERRE;240;59 rue Émile Zola;Rezé;2024-08-15;356072,75;6690183,73
BAC001197;OM;120;74 rue de la Gare;Nantes;2016-06-17;355479,99;6686786,86
BAC001198;CS;340;74 impasse des Tilleuls;Saint-Herblain;2021-09-13;355570,80;6690053,33
BAC001199;VERRE;240;35 avenue Jean Jaurès;Nantes;2020-01-13;355302,46;6686007,86
BAC001200;CS;660;2 boulevard Victor Hugo;Orvault;2018-03-12;355298,25;6685685,38
BAC001201;OM;340;72 rue Pasteur;Rezé;2021-04-11;355892,52;6688091,73
BAC001202;OM;240;105 allée des Chênes;Nantes;2023-02-17;357401,97;6692336,38
BAC001203;BIODECHETS;120;81 rue Pasteur;Orvault;2022-02-12;355769,76;6692498,86
BAC001204;OM;180;10 impasse des Tilleuls;Rezé;2016-05-12;356583,14;6691731,81
BAC001205;OM;180;85 rue de la Paix;Saint-Herblain;2019-03-10;354172,81;6686346,64
BAC001206;BIODECHETS;240;18 rue de la Gare;Nantes;2023-08-12;354445,40;6687956,75
BAC001207;BIODECHETS;240;44 boulevard Victor Hugo;Nantes;2015-08-11;356281,65;6688532,99
BAC001208;BIODECHETS;120;88 avenue Jean Jaurès;Nantes;2021-05-18;352776,08;6689683,09
BAC001209;CS;340;3 rue de la Gare;Nantes;2024-05-15;355858,11;6688372,07
BAC001210;CS;240;66 rue de la Gare;Saint-Herblain;2016-02-14;353710,83;6691739,31
BAC001211;OM;240;2 allée des Chênes;Rezé;2017-04-13;355042,90;6693531,57
BAC001212;VERRE;240;114 boulevard Victor Hugo;Orvault;2021-08-11;355555,12;6690526,32
BAC001213;VERRE;240;74 rue du Moulin;Saint-Herblain;2016-01-13;354605,76;6688453,64
BAC001214;BIODECHETS;120;113 rue Émile Zola;Rezé;2018-03-16;355843,53;6690259,01
BAC001215;VERRE;240;20 boulevard Victor Hugo;Rezé;2016-03-17;356223,56;6689804,87
BAC001216;VERRE;240;5 rue Émile Zola;Nantes;2019-09-11;354766,64;6690952,30
BAC001217;OM;120;84 place de la Mairie;Rezé;2019-01-18;356384,55;6692624,69
BAC001218;VERRE;120;111 rue Émile Zola;Orvault;2024-02-15;355964,38;6688173,20
BAC001219;CS;120;75 rue de la Paix;Rezé;2022-07-10;355558,83;6688730,97
BAC001220;OM;660;17 allée des Chênes;Orvault;2016-08-12;356242,94;6692972,20
BAC001221;CS;120;9 rue Émile Zola;Orvault;2024-07-17;355785,00;6689868,01
BAC001222;BIODECHETS;240;10 rue des Lilas;Rezé;2015-02-14;356644,06;6691625,27
BAC001223;OM;240;49 avenue Jean Jaurès;Orvault;2019-06-18;354847,47;6693086,45
BAC001224;VERRE;240;109 rue Pasteur;Orvault;2017-05-14;353790,37;6691802,72
BAC001225;VERRE;120;96 rue Émile Zola;Orvault;2017-06-17;355739,26;6691476,69
BAC001226;BIODECHETS;120;99 avenue Jean Jaurès;Rezé;2022-06-14;355752,91;6692153,38
BAC001227;OM;240;3 rue Pasteur;Saint-Herblain;2021-09-10;356133,36;6688364,81
BAC001228;OM;660;5 rue de la Paix;Nantes;2020-01-10;357177,04;6689661,33
BAC001229;VERRE;240;99 boulevard Victor Hugo;Saint-Herblain;2016-05-14;354248,75;6691768,78
BAC001230;OM;180;29 rue Pasteur;Nantes;2015-05-15;358207,35;6688452,38
BAC001231;CS;240;12 rue des Lilas;Orvault;2018-01-11;355237,92;6688495,10
BAC001232;CS;240;65 chemin des Vignes;Rezé;2020-09-14;355767,78;6692561,89
BAC001233;CS;660;118 rue de la Gare;Nantes;2023-08-12;355665,59;6691243,64
BAC001234;VERRE;120;87 rue du Moulin;Nantes;2015-01-10;354154,00;6692905,57
BAC001235;OM;340;27 boulevard Victor Hugo;Nantes;2021-09-10;353143,94;6688715,45
BAC001236;BIODECHETS;240;118 rue de la Gare;Nantes;2023-04-11;354453,44;6687948,67
BAC001237;OM;240;107 rue de la Paix;Nantes;2015-07-13;355664,04;6691216,91
BAC001238;BIODECHETS;240;1 place de la Mairie;Orvault;2022-04-15;354598,28;6693635,80
BAC001239;CS;120;35 chemin des Vignes;Nantes;2022-07-14;357959,69;6689616,41
BAC001240;CS;240;27 rue de la Gare;Saint-Herblain;2019-09-11;354955,11;6689983,38
BAC001241;OM;180;77 impasse des Tilleuls;Orvault;2016-06-14;355241,49;6690160,21
BAC001242;CS;340;94 place de la Mairie;Rezé;2023-01-10;355552,54;6685545,54
BAC001243;CS;340;8 rue du Moulin;Saint-Herblain;2019-06-11;355823,99;6688014,02
BAC001244;VERRE;120;109 rue Pasteur;Saint-Herblain;2022-08-12;353124,45;6689647,86
BAC001245;OM;120;108 chemin des Vignes;Nantes;2016-02-14;354796,04;6688788,13
BAC001246;CS;240;11 boulevard Victor Hugo;Nantes;2016-06-12;354971,48;6692519,35
BAC001247;OM;120;81 impasse des Tilleuls;Rezé;2024-03-15;356569,88;6692169,94
BAC001248;CS;240;62 impasse des Tilleuls;Rezé;2023-08-11;355060,27;6688776,29
BAC001249;OM;340;13 allée des Chênes;Saint-Herblain;2015-01-10;356650,20;6691614,55
BAC001250;OM;180;102 rue Pasteur;Rezé;2020-06-16;354776,95;6690755,94
BAC001251;BIODECHETS;240;114 chemin des Vignes;Rezé;2017-08-16;355913,32;6691190,56
BAC001252;VERRE;120;2 rue des Lilas;Rezé;2019-02-15;353296,62;6688643,00
BAC001253;CS;240;68 boulevard Victor Hugo;Saint-Herblain;2019-02-10;355682,17;6689433,78
BAC001254;BIODECHETS;120;116 impasse des Tilleuls;Rezé;2021-03-16;355922,95;6690093,38
BAC001255;OM;660;6 rue des Lilas;Rezé;2018-03-12;355596,83;6685844,98
BAC001256;OM;180;65 impasse des Tilleuls;Saint-Herblain;2021-08-18;356575,90;6692155,17
BAC001257;OM;240;49 chemin des Vignes;Rezé;2023-04-16;356034,95;6688253,23
BAC001258;BIODECHETS;240;90 rue de la Paix;Nantes;2017-07-12;357004,29;6689306,56
BAC001259;CS;120;69 impasse des Tilleuls;Saint-Herblain;2024-04-13;355877,55;6688074,75
BAC001260;CS;660;76 rue du Moulin;Saint-Herblain;2023-07-10;355750,93;6692165,26
BAC001261;OM;120;87 rue Émile Zola;Orvault;2020-04-18;352922,01;6689668,33
BAC001262;OM;180;92 allée des Chênes;Rezé;2020-03-14;355984,31;6688195,80
BAC001263;CS;660;25 boulevard Victor Hugo;Orvault;2016-03-17;354773,38;6692313,58
BAC001264;BIODECHETS;240;69 avenue Jean Jaurès;Orvault;2016-04-12;354810,45;6688295,31
BAC001265;OM;240;66 allée des Chênes;Nantes;2021-08-11;355771,70;6687999,93
BAC001266;CS;340;114 rue Pasteur;Orvault;2017-09-13;354182,21;6692951,94
BAC001267;OM;180;115 chemin des Vignes;Saint-Herblain;2018-03-15;355305,21;6686218,16
BAC001268;OM;340;110 rue de la Paix;Saint-Herblain;2019-09-16;355791,82;6686940,15
BAC001269;VERRE;240;70 rue Émile Zola;Nantes;2015-06-14;355964,54;6687386,21
BAC001270;CS;660;9 boulevard Victor Hugo;Saint-Herblain;2024-04-14;355954,15;6688712,89
BAC001271;BIODECHETS;240;16 rue du Moulin;Saint-Herblain;2018-05-14;355153,84;6690206,50
BAC001272;OM;660;114 allée des Chênes;Saint-Herblain;2015-07-17;355805,98;6686976,72
BAC001273;CS;660;42 rue des Lilas;Orvault;2022-02-13;355652,64;6688654,84
BAC001274;OM;120;19 chemin des Vignes;Nantes;2018-01-15;353813,67;6691821,31
BAC001275;CS;340;99 allée des Chênes;Rezé;2023-05-15;356315,76;6688571,67
BAC001276;CS;240;110 impasse des Tilleuls;Rezé;2016-01-15;355626,12;6689957,14
BAC001277;CS;240;60 chemin des Vignes;Saint-Herblain;2015-07-12;357469,28;6692851,17
BAC001278;BIODECHETS;240;57 rue des Lilas;Orvault;2024-06-14;355643,38;6687809,25
BAC001279;CS;240;97 rue des Lilas;Orvault;2017-04-11;354112,62;6688291,72
BAC001280;VERRE;240;91 chemin des Vignes;Orvault;2024-07-15;355309,50;6686546,95
BAC001281;OM;660;87 boulevard Victor Hugo;Saint-Herblain;2018-07-18;352395,24;6689721,63
BAC001282;OM;240;26 rue du Moulin;Saint-Herblain;2021-01-18;356470,34;6690073,18
BAC001283;OM;120;70 rue de la Gare;Saint-Herblain;2019-09-13;354389,17;6685740,45
BAC001284;OM;340;3 rue de la Paix;Rezé;2019-01-14;355931,06;6688284,59
BAC001285;CS;340;100 allée des Chênes;Saint-Herblain;2019-04-11;355585,02;6689362,98
BAC001286;OM;340;29 allée des Chênes;Nantes;2017-08-10;355438,26;6689256,03
BAC001287;OM;120;112 impasse des Tilleuls;Saint-Herblain;2018-08-18;355127,83;6693725,02
BAC001288;OM;180;89 boulevard Victor Hugo;Rezé;2016-09-11;354802,96;6690391,80
BAC001289;OM;120;66 rue du Moulin;Saint-Herblain;2023-09-12;356268,23;6689798,44
BAC001290;VERRE;120;99 boulevard Victor Hugo;Saint-Herblain;2015-09-13;354545,03;6688500,63
BAC001291;OM;340;107 boulevard Victor Hugo;Orvault;2023-08-11;355610,39;6690811,58
BAC001292;OM;180;59 rue Émile Zola;Rezé;2018-09-17;356773,06;6687800,40
BAC001293;OM;660;26 rue Pasteur;Saint-Herblain;2015-06-11;356531,48;6691822,16
BAC001294;OM;120;23 rue de la Gare;Rezé;2022-08-17;353899,72;6688356,88
BAC001295;BIODECHETS;120;21 chemin des Vignes;Nantes;2020-02-12;355762,93;6692715,99
BAC001296;OM;240;1 rue du Moulin;Saint-Herblain;2020-09-14;355575,30;6687732,07
BAC001297;OM;120;77 avenue Jean Jaurès;Rezé;2017-07-17;356494,02;6691887,67
BAC001298;CS;660;2 rue de la Paix;Saint-Herblain;2019-02-10;356495,24;6692353,08
BAC001299;CS;340;18 rue du Moulin;Nantes;2018-06-14;355095,64;6689999,34
BAC001300;OM;180;111 rue du Moulin;Nantes;2024-08-18;355627,06;6689956,65
BAC001301;OM;340;46 rue Pasteur;Nantes;2020-04-10;354146,29;6686420,95
BAC001302;OM;340;46 rue du Moulin;Nantes;2016-08-18;355779,40;6690265,31
BAC001303;OM;180;46 impasse des Tilleuls;Rezé;2018-07-15;355654,12;6691037,25
BAC001304;OM;120;112 rue de la Paix;Rezé;2023-06-17;355669,66;6691314,17
BAC001305;CS;340;4 chemin des Vignes;Nantes;2020-01-16;357292,89;6689654,68
BAC001306;OM;660;73 rue du Moulin;Orvault;2023-03-17;356200,19;6690256,01
BAC001307;CS;660;25 rue Pasteur;Nantes;2023-05-15;355863,47;6690173,01
BAC001308;BIODECHETS;240;114 boulevard Victor Hugo;Nantes;2020-02-15;356270,83;6689254,67
BAC001309;VERRE;120;119 rue de la Gare;Rezé;2021-01-12;355735,49;6690335,34
BAC001310;VERRE;120;53 avenue Jean Jaurès;Nantes;2017-03-16;354951,71;6689983,00
BAC001311;BIODECHETS;240;108 allée des Chênes;Saint-Herblain;2020-01-10;355686,27;6687644,63
BAC001312;OM;240;27 allée des Chênes;Saint-Herblain;2015-01-15;355763,29;6692704,49
BAC001313;VERRE;240;31 boulevard Victor Hugo;Rezé;2023-02-15;355729,40;6688377,77
BAC001314;VERRE;120;30 rue des Lilas;Orvault;2016-01-12;352924,18;6689668,10
BAC001315;CS;340;94 boulevard Victor Hugo;Rezé;2016-02-16;356838,50;6689680,80
BAC001316;VERRE;120;117 rue de la Gare;Rezé;2022-07-18;355180,37;6691155,50
BAC001317;OM;120;53 rue de la Gare;Rezé;2016-07-16;355868,56;6691459,20
BAC001318;OM;180;32 avenue Jean Jaurès;Nantes;2017-08-18;354983,21;6688898,26
BAC001319;OM;120;90 boulevard Victor Hugo;Orvault;2021-05-17;356751,74;6687791,03
BAC001320;CS;240;115 impasse des Tilleuls;Saint-Herblain;2019-06-10;355635,19;6686535,71
BAC001321;CS;660;99 rue Émile Zola;Orvault;2023-08-13;354473,57;6687928,41
BAC001322;BIODECHETS;240;72 chemin des Vignes;Rezé;2015-07-10;353824,78;6688392,43
BAC001323;OM;340;27 allée des Chênes;Rezé;2020-02-17;355305,19;6686216,48
BAC001324;CS;120;67 allée des Chênes;Saint-Herblain;2015-06-18;354076,10;6692030,57
BAC001325;BIODECHETS;120;44 rue des Lilas;Orvault;2016-09-12;355309,37;6690023,63
BAC001326;CS;660;14 rue de la Paix;Rezé;2017-05-15;357491,94;6688242,93
BAC001327;BIODECHETS;240;24 rue de la Gare;Saint-Herblain;2017-03-12;352804,51;6689680,22
BAC001328;OM;120;28 rue de la Gare;Nantes;2022-09-10;354365,91;6693253,84
BAC001329;CS;240;53 boulevard Victor Hugo;Orvault;2016-02-13;357569,08;6692707,57
BAC001330;VERRE;120;12 allée des Chênes;Nantes;2023-01-16;355649,12;6689409,69
BAC001331;CS;120;31 rue Émile Zola;Rezé;2018-08-16;356299,52;6690120,67
BAC001332;CS;660;44 impasse des Tilleuls;Nantes;2015-05-11;354638,74;6690664,13
BAC001333;OM;120;116 rue Pasteur;Orvault;2021-01-16;355763,28;6691600,72
BAC001334;CS;340;106 rue des Lilas;Saint-Herblain;2023-09-10;355648,86;6690953,96
BAC001335;CS;340;102 place de la Mairie;Saint-Herblain;2016-08-13;353819,06;6688395,14
BAC001336;OM;340;33 place de la Mairie;Orvault;2019-01-17;355003,88;6690906,68
BAC001337;CS;240;47 rue Pasteur;Rezé;2022-02-11;355735,96;6687851,27
BAC001338;CS;120;56 rue Pasteur;Nantes;2018-05-18;357350,75;6693021,71
BAC001339;OM;660;39 boulevard Victor Hugo;Nantes;2024-06-18;358198,07;6688449,66
BAC001340;CS;660;118 rue de la Gare;Orvault;2023-02-11;356727,58;6691479,24
BAC001341;OM;340;43 rue Émile Zola;Saint-Herblain;2016-05-14;358176,88;6688443,46
BAC001342;VERRE;120;105 rue Pasteur;Rezé;2023-09-13;355871,37;6688067,74
BAC001343;OM;660;68 rue des Lilas;Rezé;2018-01-10;357833,65;6688265,96
BAC001344;OM;180;8 rue du Moulin;Orvault;2017-01-11;354104,55;6692053,25
BAC001345;CS;660;120 chemin des Vignes;Orvault;2024-01-10;354825,39;6692367,59
BAC001346;OM;340;52 avenue Jean Jaurès;Nantes;2016-02-18;355434,23;6690548,21
BAC001347;CS;340;19 rue Pasteur;Orvault;2023-08-12;355766,81;6692592,54
BAC001348;OM;120;119 rue Émile Zola;Saint-Herblain;2016-06-18;355684,66;6690291,65
BAC001349;OM;180;68 rue du Moulin;Saint-Herblain;2020-09-10;355929,12;6691095,74
BAC001350;CS;120;86 rue du Moulin;Orvault;2021-01-14;355544,43;6685490,73
BAC001351;OM;660;43 chemin des Vignes;Orvault;2017-06-15;357303,84;6688187,89
BAC001352;OM;660;94 boulevard Victor Hugo;Rezé;2024-06-18;354143,64;6686428,39
BAC001353;OM;340;38 chemin des Vignes;Rezé;2016-06-14;357663,42;6692571,85
BAC001354;CS;660;44 rue du Moulin;Saint-Herblain;2023-09-15;355907,39;6691226,15
BAC001355;CS;660;117 rue des Lilas;Nantes;2019-02-10;355618,09;6690420,89
BAC001356;OM;180;45 rue de la Paix;Saint-Herblain;2023-01-17;355869,65;6690240,20
BAC001357;CS;120;104 rue des Lilas;Nantes;2021-05-15;356640,87;6691630,86
BAC001358;OM;660;109 impasse des Tilleuls;Nantes;2018-09-10;353086,37;6689651,70
BAC001359;CS;120;60 rue de la Gare;Rezé;2015-08-11;355177,85;6689066,29
BAC001360;BIODECHETS;120;108 rue Émile Zola;Nantes;2020-01-17;353570,15;6688513,23
BAC001361;OM;240;47 impasse des Tilleuls;Nantes;2021-09-15;357778,18;6688326,72
BAC001362;OM;340;114 avenue Jean Jaurès;Saint-Herblain;2020-05-13;355917,24;6690186,26
BAC001363;OM;240;20 rue de la Paix;Nantes;2016-01-10;356225,47;6689804,60
BAC001364;CS;660;24 avenue Jean Jaurès;Orvault;2016-08-11;355795,79;6691672,22
BAC001365;OM;660;87 rue Émile Zola;Orvault;2024-04-17;355831,08;6687041,55
BAC001366;OM;180;20 rue du Moulin;Orvault;2020-08-17;354572,77;6687828,56
BAC001367;OM;180;101 place de la Mairie;Orvault;2024-07-17;354345,38;6693220,11
BAC001368;CS;660;35 impasse des Tilleuls;Saint-Herblain;2015-07-15;355592,65;6690720,03
BAC001369;BIODECHETS;120;41 impasse des Tilleuls;Orvault;2017-07-18;354230,18;6692153,46
BAC001370;VERRE;120;88 place de la Mairie;Rezé;2019-08-12;354085,16;6692037,80
BAC001371;CS;340;37 boulevard Victor Hugo;Rezé;2015-06-10;355037,43;6690928,96
BAC001372;VERRE;240;21 avenue Jean Jaurès;Nantes;2018-04-10;354843,09;6687556,52
BAC001373;OM;340;83 rue Émile Zola;Saint-Herblain;2018-01-18;353927,62;6689001,30
BAC001374;CS;340;17 rue de la Paix;Nantes;2021-05-14;355884,62;6690178,22
BAC001375;CS;240;72 allée des Chênes;Rezé;2024-08-17;354498,05;6693471,05
BAC001376;OM;340;46 boulevard Victor Hugo;Nantes;2016-09-17;355795,35;6691686,42
BAC001377;CS;340;28 rue de la Gare;Nantes;2016-07-14;355865,32;6687129,98
BAC001378;OM;660;73 rue Pasteur;Saint-Herblain;2020-05-10;356088,24;6690228,41
BAC001379;OM;660;106 impasse des Tilleuls;Orvault;2019-07-11;354638,88;6689947,48
BAC001380;OM;180;44 rue Émile Zola;Nantes;2021-01-18;357388,10;6692967,98
BAC001381;BIODECHETS;120;89 rue de la Paix;Saint-Herblain;2017-07-17;355782,88;6691973,46
BAC001382;OM;340;84 boulevard Victor Hugo;Orvault;2017-06-15;356382,93;6692081,96
BAC001383;CS;240;48 impasse des Tilleuls;Rezé;2019-04-11;354960,02;6692507,44
BAC001384;OM;240;46 rue de la Paix;Rezé;2021-02-13;354854,78;6688261,03
BAC001385;OM;120;44 chemin des Vignes;Nantes;2015-03-17;356788,49;6689683,67
BAC001386;OM;340;27 chemin des Vignes;Saint-Herblain;2015-04-12;357534,27;6692191,09
BAC001387;VERRE;240;50 boulevard Victor Hugo;Rezé;2018-09-14;354666,89;6690903,31
BAC001388;OM;660;54 boulevard Victor Hugo;Nantes;2015-09-18;355304,62;6686172,71
BAC001389;VERRE;240;59 rue des Lilas;Saint-Herblain;2015-05-11;354697,56;6690918,37
BAC001390;CS;240;116 rue de la Gare;Orvault;2024-01-15;354854,18;6687545,37
BAC001391;CS;240;37 place de la Mairie;Rezé;2018-06-11;356643,64;6689281,04
BAC001392;VERRE;240;46 boulevard Victor Hugo;Orvault;2021-07-17;355549,99;6688110,29
BAC001393;CS;120;61 rue de la Paix;Orvault;2019-07-10;355012,46;6688139,07
BAC001394;CS;240;42 rue des Lilas;Orvault;2023-01-17;355844,04;6691606,37
BAC001395;OM;340;103 impasse des Tilleuls;Saint-Herblain;2019-07-16;355772,04;6688475,28
BAC001396;BIODECHETS;240;65 allée des Chênes;Nantes;2016-03-17;354756,44;6689960,83
BAC001397;OM;180;70 rue Émile Zola;Rezé;2016-07-17;355546,81;6689335,14
BAC001398;VERRE;240;92 rue de la Gare;Orvault;2016-03-17;354755,78;6693894,71
BAC001399;OM;340;68 chemin des Vignes;Saint-Herblain;2023-04-18;355667,11;6686320,11
BAC001400;BIODECHETS;120;54 rue de la Gare;Nantes;2024-01-15;355298,99;6685741,87
BAC001401;OM;180;41 rue du Moulin;Orvault;2020-08-14;353062,19;6689654,15
BAC001402;CS;120;24 rue Émile Zola;Orvault;2022-08-12;355739,09;6687864,27
BAC001403;CS;340;45 avenue Jean Jaurès;Saint-Herblain;2024-06-13;355755,50;6688416,69
BAC001404;VERRE;240;52 rue Émile Zola;Orvault;2024-04-14;353165,43;6689643,72
BAC001405;CS;340;37 rue des Lilas;Saint-Herblain;2019-05-17;355833,31;6690250,31
BAC001406;OM;340;115 rue du Moulin;Saint-Herblain;2018-01-11;355556,06;6685569,30
BAC001407;OM;660;65 place de la Mairie;Orvault;2017-01-11;356274,94;6689797,47
BAC001408;CS;120;9 rue Pasteur;Nantes;2021-08-13;355557,17;6689993,54
BAC001409;OM;120;39 avenue Jean Jaurès;Nantes;2023-06-18;354211,07;6686239,43
BAC001410;CS;340;93 allée des Chênes;Orvault;2023-08-14;356346,32;6688606,32
BAC001411;CS;660;6 boulevard Victor Hugo;Saint-Herblain;2022-08-13;356654,79;6689281,82
BAC001412;OM;660;53 rue de la Paix;Nantes;2015-07-16;357590,55;6692676,68
BAC001413;OM;120;46 allée des Chênes;Rezé;2017-08-15;355118,09;6688684,75
BAC001414;OM;240;60 chemin des Vignes;Orvault;2016-02-14;357133,88;6693333,80
BAC001415;OM;180;111 rue Émile Zola;Orvault;2018-05-16;355873,57;6690087,77
BAC001416;VERRE;120;82 boulevard Victor Hugo;Nantes;2017-01-14;355915,21;6690185,76
BAC001417;BIODECHETS;120;40 impasse des Tilleuls;Orvault;2016-05-16;353055,46;6689654,83
BAC001418;OM;340;29 boulevard Victor Hugo;Saint-Herblain;2016-06-11;355789,47;6686934,09
BAC001419;CS;660;107 avenue Jean Jaurès;Rezé;2021-05-11;355489,01;6690080,73
BAC001420;OM;340;7 chemin des Vignes;Nantes;2015-01-12;354665,40;6690464,45
BAC001421;OM;660;93 chemin des Vignes;Rezé;2020-05-17;355758,68;6686854,59
BAC001422;VERRE;240;50 place de la Mairie;Saint-Herblain;2015-03-13;355260,54;6690024,44
BAC001423;VERRE;120;43 rue de la Gare;Orvault;2021-02-17;356486,24;6689269,91
BAC001424;OM;120;22 rue de la Paix;Orvault;2023-08-15;354486,99;6692016,16
BAC001425;OM;660;116 chemin des Vignes;Orvault;2016-09-18;355090,27;6690240,07
BAC001426;OM;660;117 impasse des Tilleuls;Rezé;2022-09-10;356269,73;6692279,96
BAC001427;OM;120;83 rue du Moulin;Rezé;2015-06-16;355313,26;6686834,80
BAC001428;OM;180;30 allée des Chênes;Rezé;2024-06-15;356472,95;6692407,76
BAC001429;VERRE;240;4 rue du Moulin;Rezé;2019-06-15;354796,39;6688306,19
BAC001430;BIODECHETS;120;41 place de la Mairie;Orvault;2015-02-17;354862,19;6692405,82
BAC001431;CS;120;25 place de la Mairie;Nantes;2017-04-14;357755,40;6689628,13
BAC001432;VERRE;240;62 place de la Mairie;Saint-Herblain;2015-09-17;357549,93;6689639,92
BAC001433;CS;120;20 rue de la Gare;Saint-Herblain;2023-02-11;355557,23;6689103,16
BAC001434;OM;660;6 place de la Mairie;Orvault;2022-06-14;355106,53;6693676,50
BAC001435;CS;120;5 boulevard Victor Hugo;Orvault;2022-04-16;357543,92;6688258,15
BAC001436;OM;340;112 impasse des Tilleuls;Nantes;2024-09-11;356292,08;6689795,01
BAC001437;VERRE;240;64 impasse des Tilleuls;Rezé;2024-09-12;356179,28;6690250,85
BAC001438;OM;340;118 place de la Mairie;Nantes;2020-09-10;354789,35;6688783,25
BAC001439;BIODECHETS;240;57 rue de la Paix;Rezé;2021-02-11;355733,50;6691446,99
BAC001440;CS;660;115 rue du Moulin;Nantes;2020-05-16;357524,51;6692201,82
BAC001441;OM;180;21 rue de la Paix;Saint-Herblain;2021-06-17;353753,70;6688426,16
BAC001442;OM;660;58 place de la Mairie;Orvault;2019-03-13;356436,97;6691987,45
BAC001443;OM;340;115 boulevard Victor Hugo;Saint-Herblain;2024-06-18;355552,62;6687997,10
BAC001444;OM;340;80 rue Pasteur;Orvault;2021-07-16;353950,50;6688993,86
BAC001445;OM;180;77 rue du Moulin;Nantes;2018-07-11;353378,83;6689179,74
BAC001446;VERRE;240;20 rue de la Paix;Nantes;2017-09-18;357210,32;6689659,42
BAC001447;VERRE;240;89 boulevard Victor Hugo;Orvault;2020-08-17;355631,27;6686525,58
BAC001448;BIODECHETS;120;8 rue des Lilas;Rezé;2018-06-13;356746,53;6687788,75
BAC001449;OM;240;77 chemin des Vignes;Saint-Herblain;2021-03-13;354691,81;6693789,55
BAC001450;VERRE;120;11 boulevard Victor Hugo;Orvault;2018-04-16;355672,41;6690125,92
BAC001451;CS;660;30 rue du Moulin;Saint-Herblain;2018-07-18;355019,68;6690277,34
BAC001452;CS;340;109 boulevard Victor Hugo;Saint-Herblain;2019-04-15;355180,82;6690004,80
BAC001453;CS;340;11 rue du Moulin;Orvault;2017-03-18;354598,77;6693636,61
BAC001454;CS;340;2 boulevard Victor Hugo;Orvault;2015-04-17;355254,24;6691191,79
BAC001455;CS;660;71 avenue Jean Jaurès;Nantes;2021-06-12;354216,25;6690682,03
BAC001456;VERRE;120;4 rue de la Gare;Nantes;2023-03-14;355980,17;6687426,56
BAC001457;CS;660;90 boulevard Victor Hugo;Orvault;2018-09-13;354392,49;6688618,62
BAC001458;OM;120;7 rue des Lilas;Saint-Herblain;2017-05-13;354192,80;6692969,34
BAC001459;BIODECHETS;240;55 chemin des Vignes;Orvault;2016-01-13;356027,78;6690196,23
BAC001460;OM;180;86 rue Émile Zola;Saint-Herblain;2022-03-17;355198,82;6690182,75
BAC001461;BIODECHETS;120;85 impasse des Tilleuls;Rezé;2020-04-11;354754,26;6687645,91
BAC001462;VERRE;240;16 allée des Chênes;Rezé;2022-09-12;356744,83;6689996,88
BAC001463;OM;340;96 rue des Lilas;Orvault;2022-07-18;354210,06;6690679,00
BAC001464;OM;340;110 place de la Mairie;Nantes;2017-01-17;354676,43;6693764,27
BAC001465;BIODECHETS;240;26 boulevard Victor Hugo;Saint-Herblain;2021-07-13;357495,89;6688117,66
BAC001466;CS;660;108 place de la Mairie;Orvault;2019-03-16;357155,20;6689317,24
BAC001467;OM;120;59 place de la Mairie;Nantes;2019-09-15;355575,41;6689017,74
BAC001468;OM;120;106 chemin des Vignes;Rezé;2017-08-12;355441,66;6687948,79
BAC001469;OM;240;99 boulevard Victor Hugo;Nantes;2019-03-18;353925,30;6689002,05
BAC001470;OM;340;101 impasse des Tilleuls;Rezé;2024-04-11;355038,20;6690267,56
BAC001471;CS;120;20 boulevard Victor Hugo;Rezé;2019-03-18;355601,43;6690132,42
BAC001472;OM;340;18 impasse des Tilleuls;Orvault;2023-08-14;355606,92;6687314,65
BAC001473;BIODECHETS;240;65 impasse des Tilleuls;Saint-Herblain;2021-02-13;355671,62;6688291,64
BAC001474;CS;120;89 avenue Jean Jaurès;Rezé;2024-02-17;357000,57;6692777,24
BAC001475;CS;240;54 rue de la Gare;Rezé;2017-07-14;355935,55;6691057,17
BAC001476;BIODECHETS;120;4 rue de la Paix;Nantes;2021-02-13;355660,94;6686278,35
BAC001477;CS;660;110 avenue Jean Jaurès;Rezé;2023-02-16;356751,48;6689995,03
BAC001478;CS;340;4 allée des Chênes;Orvault;2023-04-12;353754,73;6689057,51
BAC001479;BIODECHETS;240;35 allée des Chênes;Orvault;2024-08-11;353339,25;6688622,78
BAC001480;OM;120;59 rue du Moulin;Orvault;2022-04-16;355773,70;6692373,94
BAC001481;VERRE;120;90 rue de la Paix;Saint-Herblain;2021-08-17;354164,47;6692922,78
BAC001482;CS;340;73 rue de la Paix;Rezé;2021-09-16;356115,70;6688344,79
BAC001483;VERRE;120;25 place de la Mairie;Saint-Herblain;2022-07-11;354563,38;6688486,42
BAC001484;CS;120;55 rue Pasteur;Saint-Herblain;2015-07-10;354757,32;6690742,90
BAC001485;BIODECHETS;240;35 impasse des Tilleuls;Orvault;2021-07-16;354865,22;6690358,91
BAC001486;CS;120;19 rue des Lilas;Saint-Herblain;2023-05-15;354145,62;6692086,02
BAC001487;CS;340;52 boulevard Victor Hugo;Nantes;2017-07-18;355584,47;6687221,31
BAC001488;OM;120;84 rue de la Paix;Nantes;2022-08-18;354985,81;6691059,94
BAC001489;OM;660;88 rue du Moulin;Orvault;2024-06-18;355732,49;6692275,95
BAC001490;CS;120;71 rue du Moulin;Nantes;2022-04-10;354949,18;6693318,11
BAC001491;OM;180;9 allée des Chênes;Saint-Herblain;2022-01-13;355368,61;6687839,90
BAC001492;OM;660;61 chemin des Vignes;Rezé;2023-05-10;355784,20;6692040,50
BAC001493;VERRE;120;23 chemin des Vignes;Nantes;2019-02-11;355211,55;6691044,63
BAC001494;OM;240;115 rue des Lilas;Orvault;2024-01-18;357469,88;6689339,55
BAC001495;CS;660;62 rue de la Paix;Orvault;2017-03-16;356403,90;6690091,64
BAC001496;VERRE;240;23 rue Pasteur;Saint-Herblain;2020-07-14;355748,20;6687902,17
BAC001497;OM;340;83 chemin des Vignes;Orvault;2022-09-18;355544,43;6689333,41
BAC001498;BIODECHETS;120;114 rue Pasteur;Nantes;2019-09-10;356082,58;6687691,08
BAC001499;OM;180;76 avenue Jean Jaurès;Orvault;2024-04-17;358339,94;6688491,20
BAC001500;OM;180;98 rue Pasteur;Saint-Herblain;2017-03-13;355783,47;6692063,68